Date,Open,High,Low,Close,Volume
2021-07-29,141.03684881635502,142.8498878684949,140.92962551695572,141.96286010742188,56699500
2021-07-30,140.7347389541691,142.63550292557247,140.47155167396267,142.1773681640625,70440600
2021-08-02,142.6646895204393,143.2397895751834,141.582714310116,141.8459014892578,62880000
2021-08-03,142.12859665195967,144.30228959895823,141.51449808960257,143.63946533203125,64786600
2021-08-04,143.55173491626834,144.05859526042843,142.58672505684436,143.23980712890625,56368300
2021-08-05,143.26903344221475,144.107320690727,142.47948676454712,143.34701538085938,46397700
2021-08-06,142.86869219057516,143.61060825982952,142.16581806356817,142.66368103027344,54126800
2021-08-09,142.72226739584752,143.21037365568,142.05845003246944,142.61488342285156,48908700
2021-08-10,142.9565198163916,144.19631350606738,141.84363848192044,142.13650512695312,69023100
2021-08-11,142.57586365028985,143.2299243526894,142.0682288902845,142.390380859375,48493500
2021-08-12,142.71245110077322,145.50441833818107,142.37077090309373,145.3482208251953,72282600
2021-08-13,145.42637130499,145.88519235268876,144.74302556240244,145.55328369140625,59375000
2021-08-16,145.00660783223563,147.59358006664493,142.9858555687735,147.52523803710938,103296000
2021-08-17,146.65635150331968,148.07185618392833,145.54347021491796,146.6173095703125,92229700
2021-08-18,146.2365903149313,147.13470375005627,142.6734068529053,142.87841796875,86326000
2021-08-19,141.5800696426097,144.4794213850425,141.0626783117476,143.21034240722656,86960300
2021-08-20,143.93275769698107,144.96754045087513,143.28845394220284,144.6649169921875,60549600
2021-08-23,144.78202147056598,146.61730507779947,144.3720141553827,146.1487274169922,60131800
2021-08-24,145.89492826143862,147.27139120779157,145.60206158624175,146.06088256835938,48606400
2021-08-25,146.24636116832204,146.74423897086186,144.28417982272728,144.8308563232422,58991300
2021-08-26,144.82107882892396,145.57275146160703,144.00104929973693,144.03033447265625,48597200
2021-08-27,143.97178711441077,145.21158091727293,143.33725507209095,145.06515502929688,55802400
2021-08-30,145.45562564226032,149.83882401907485,145.07490345956626,149.4776153564453,90956700
2021-08-31,149.0285807911714,149.16524992421503,147.6911597437249,148.21832275390625,86453100
2021-09-01,149.1945515081308,151.2934023311897,148.71620204197066,148.8821563720703,80313700
2021-09-02,150.20980882981786,151.03959539227287,148.7747752992504,149.9950408935547,71115500
2021-09-03,150.10242979976638,150.95174481050074,149.4483692072004,150.6295928955078,57808700
2021-09-07,151.2836060822293,153.5191254698615,150.71740121777114,152.9626922607422,82278300
2021-09-08,153.24583117728486,153.30440154284446,150.31719373274197,151.42031860351562,74420200
2021-09-09,151.79126431107525,152.39651120399355,150.28788894400816,150.40504455566406,57305700
2021-09-10,151.3129047338198,151.78148246152148,145.16276433644302,145.4263458251953,140893200
2021-09-13,147.04684942260073,147.8180505115286,145.21156570783384,145.99253845214844,102404300
2021-09-14,146.77349074156675,147.47636462391318,143.41531883609252,144.59652709960938,109296300
2021-09-15,145.0260576914331,145.88512904981255,142.88815094916558,145.48487854003906,83281300
2021-09-16,144.90894501042473,145.4263362978241,143.71796490468603,145.2506103515625,68034100
2021-09-17,145.27994241453277,145.27994241453277,142.29271983680104,142.58558654785156,129868800
2021-09-20,140.37935348466607,141.39460787991925,137.909537174392,139.53981018066406,123478900
2021-09-21,140.5062336067531,141.16030897663776,139.38359538478255,140.01812744140625,75834000
2021-09-22,141.01389352952881,142.94679012081193,140.28173414994058,142.38059997558594,76404300
2021-09-23,143.1615238009879,143.5813028239796,142.17555476827644,143.33724975585938,64838200
2021-09-24,142.19510285111807,143.96204492535793,142.09747565204063,143.4251251220703,53477900
2021-09-27,142.0095839613355,142.48793328173883,140.39883985731234,141.91195678710938,74150700
2021-09-28,139.8424227657557,141.30674132874793,138.31953384357482,138.5343017578125,108972300
2021-09-29,139.08098176355122,141.013878143942,138.65144592439347,139.4324188232422,74602000
2021-09-30,140.2426707272125,140.9455448156453,137.9192805517919,138.13404846191406,89056700
2021-10-01,138.52453927839463,139.52028013802934,135.80091312494108,139.25669860839844,94639600
2021-10-04,138.38788760314102,138.82719517325862,134.98091529074117,135.83021545410156,98322000
2021-10-05,136.17185207930245,138.8564357660988,136.04493972017434,137.75331115722656,80861100
2021-10-06,136.15233067899587,138.76857249312508,135.07849119061893,138.6221466064453,83221100
2021-10-07,139.65692980871162,140.7893396562003,139.32502120039112,139.88145446777344,61732700
2021-10-08,140.60387247260306,140.75029837603776,139.16883903566588,139.50074768066406,58773200
2021-10-11,138.88572424122802,141.36529686032225,138.43666004151856,139.41287231445312,64452200
2021-10-12,139.82288519545196,139.84241361250955,137.68497785008697,138.143798828125,73035900
2021-10-13,137.88024208325538,138.03642474342516,135.88876048394778,137.55809020996094,78762700
2021-10-14,138.72955687137625,140.45745714105692,138.14382342191217,140.34030151367188,69907100
2021-10-15,140.35003767716657,141.453147377337,140.09621296187518,141.3945770263672,67940300
2021-10-18,140.03765490452832,143.34701408719482,139.7545598847163,143.0639190673828,85589200
2021-10-19,143.5129271417754,145.62154873057395,143.06387794345443,145.22129821777344,76378900
2021-10-20,145.16276563549152,146.18779152686344,144.59656071553547,145.70944213867188,58418800
2021-10-21,145.27014914498275,146.0804071368253,144.35250720492448,145.92420959472656,61421000
2021-10-22,146.12922747617256,146.6075619891813,145.1042015405824,145.15301513671875,58883400
2021-10-25,145.14325947301697,145.8168484447923,144.1084766625064,145.10421752929688,50720600
2021-10-26,145.77777738990952,147.25185252804923,145.4653823192533,145.7680206298828,60893400
2021-10-27,145.80708231384622,146.16827612937263,144.9577823061733,145.30921936035156,56094900
2021-10-28,146.25616571377768,149.5264686918417,146.1585385042387,148.9407501220703,100077900
2021-10-29,143.7179733088264,146.37327190681347,142.92724374395107,146.23660278320312,124953200
2021-11-01,145.44588063726485,146.1389830509936,144.28418557941234,145.41659545898438,74588300
2021-11-02,145.12370582377017,147.96448683414823,145.11393416867705,146.45135498046875,69122000
2021-11-03,146.81257403590004,148.35499132920407,146.25614074482093,147.88641357421875,54511500
2021-11-04,147.97429607005193,148.8040677773685,147.056653914814,147.36904907226562,60394600
2021-11-05,148.49331669815876,148.7963818494452,146.70423879606528,147.89695739746094,65463900
2021-11-08,148.02403856122066,148.18046407919945,146.80199217243356,147.0757293701172,55020900
2021-11-09,146.8410949734435,148.0435844748696,146.70422637098488,147.4374542236328,56787900
2021-11-10,146.6650887001066,146.77262935345158,144.54361846371455,144.61204528808594,65187100
2021-11-11,145.62882237351127,146.0882980655143,144.37743321812488,144.5631866455078,41000000
2021-11-12,145.11064651980587,147.03659252052734,144.18189439318962,146.63577270507812,63804000
2021-11-15,147.00728981052836,148.483531417499,146.08830852560698,146.64556884765625,59222800
2021-11-16,146.5869216938867,148.1022623119589,146.0003334167105,147.6232147216797,59256200
2021-11-17,147.62321886773208,151.53376771191043,147.61344786594324,150.0575408935547,88807000
2021-11-18,150.2726099643279,155.12168178008048,149.627365877677,154.33956909179688,137827700
2021-11-19,154.12449892543512,157.41914644005507,153.02955003283444,156.95965576171875,117305600
2021-11-22,158.06434223873075,161.9944471367291,157.39955624235793,157.4191131591797,117467900
2021-11-23,157.51689191338718,158.18169292863084,155.502961782972,157.8004150390625,96041900
2021-11-24,157.15516717862224,158.51408217991857,156.06998937776268,158.3185577392578,69463600
2021-11-26,156.00155632601601,156.8618668141861,152.8633347292546,153.3032684326172,76959800
2021-11-29,155.8060008585356,157.58530732404222,155.23896961955737,156.65655517578125,88748200
2021-11-30,156.41218795497596,161.81852071802552,156.34374618750323,161.6034393310547,174048100
2021-12-01,163.73466976035556,166.49161375206606,160.8506430799377,161.0852813720703,152052500
2021-12-02,155.19011206164845,160.52800204808736,154.27113083970096,160.09783935546875,136739200
2021-12-03,160.3520514474846,161.271032766341,156.14820866843903,158.22079467773438,118023100
2021-12-06,160.61597549233863,164.12570364495514,160.60620449270007,161.62295532226562,107497000
2021-12-07,165.29886939857903,167.74296195252498,164.5754126322905,167.35189819335938,120405400
2021-12-08,168.2806769394803,172.02502878126478,166.88264814477856,171.16470336914062,116998900
2021-12-09,170.9985205283445,172.7973693361273,170.03065436230736,170.65634155273438,108923700
2021-12-10,171.29179439045112,175.61294836881706,170.78341894665584,175.4369659423828,115402700
2021-12-13,177.06962931153166,178.05705234389498,171.60464142456377,171.80995178222656,153237000
2021-12-14,171.3309277742781,173.76524989300478,168.35891710300444,170.43150329589844,139380400
2021-12-15,171.1940123824784,175.48583813344078,168.45662585148168,175.29031372070312,131063300
2021-12-16,175.27077720416733,177.08918279763162,166.93153397693786,168.4077606201172,150185800
2021-12-17,166.12985777423478,169.59070130648584,165.89523442801953,167.31280517578125,195432700
2021-12-20,164.51677542044033,166.76534380811088,163.71512072913166,165.9539031982422,107499100
2021-12-21,167.72340078083394,169.3267248588515,165.33796412188073,169.12142944335938,91185900
2021-12-22,169.17031112645324,171.9272548095711,168.300214735498,171.71217346191406,92135300
2021-12-23,171.91745288802377,172.89508977696892,171.350421702329,172.33782958984375,68356600
2021-12-27,173.12975263201184,176.3852860059842,173.1102106304085,176.29730224609375,74919600
2021-12-28,176.1311025117923,177.2749361221624,174.5375492742612,175.28054809570312,79144300
2021-12-29,175.31966069433915,176.59059189162147,174.15627017338588,175.36854553222656,62348900
2021-12-30,175.45653864701075,176.53194546765312,174.10739462067014,174.21493530273438,59773000
2021-12-31,174.1073900997929,175.2218958133562,173.29594950484335,173.59902954101562,64062300
2022-01-03,173.85319685203027,178.79026689432098,173.73588518068755,177.93971252441406,104487900
2022-01-04,178.5458346271631,178.84889968411812,175.1143195069881,175.6813507080078,99310400
2022-01-05,175.59339039534856,176.14086475419518,170.73453308424857,171.00827026367188,94537600
2022-01-06,168.83792269234627,171.3797850968752,167.80162976232634,168.15357971191406,96904000
2022-01-07,169.0236630282213,170.2457092977057,167.2052575825263,168.31976318359375,86709100
2022-01-10,165.29885816519484,168.64237476166727,164.4092049558039,168.3393096923828,106765600
2022-01-11,168.46643037323963,171.26245812752686,166.99997473942338,171.16470336914062,76138300
2022-01-12,172.18144710369126,173.21774007794218,170.91053076473975,171.60464477539062,74805200
2022-01-13,171.8490227811223,172.67023424322653,167.94824595979313,168.3393096923828,84505800
2022-01-14,167.50833831927105,169.89377524696252,167.26392904254132,169.1996612548828,80440800
2022-01-18,167.67452813175186,168.6814931182034,165.6214992398613,166.00277709960938,90956700
2022-01-19,166.19833085017333,167.25418085979933,162.22912604138475,162.51263427734375,94815000
2022-01-20,163.24581922868165,165.8854360990158,160.50843269303434,160.8310546875,91420500
2022-01-21,160.74312175844747,162.61041256635795,158.67053547305395,158.778076171875,122848900
2022-01-24,156.44149634340394,158.67050778679211,151.24045969712583,158.00570678710938,162294600
2022-01-25,155.4247355135648,159.1202024043847,153.5085752311325,156.20684814453125,115798400
2022-01-26,159.84364519078215,160.713741500623,154.2906743409117,156.1188507080078,108275300
2022-01-27,158.81715723147198,160.17607231774176,154.74041197266266,155.65939331054688,121954600
2022-01-28,162.0042414218655,166.5404767176366,159.1593140383979,166.5209197998047,179935700
2022-01-31,166.3547503312831,171.08651082179728,165.71927719769477,170.87142944335938,115541600
2022-02-01,170.11864243059435,170.93008309016165,168.45666218750117,170.70523071289062,86213900
2022-02-02,170.84207875406224,171.94681342176997,169.45383589849953,171.90769958496094,84914300
2022-02-03,170.5781464577833,172.2987975978528,168.2709219070581,169.03347778320312,89418100
2022-02-04,168.05458991972742,170.42349941150601,167.07570713146276,168.74960327148438,82465400
2022-02-07,169.20967525085985,170.27665387927516,167.3400055860888,168.03501892089844,77251200
2022-02-08,168.10351922686326,171.64708470161528,167.8098514342005,171.1380615234375,74829200
2022-02-09,172.3322647747442,172.91958530484067,171.20654095307694,172.55740356445312,71285000
2022-02-10,170.462637822063,171.7743370940817,167.92733513885554,168.48529052734375,90865900
2022-02-11,168.6908451580762,169.42500712943504,164.49143031742815,165.07876586914062,98670700
2022-02-14,163.83559821712237,165.9989356288058,163.04270559336564,165.313720703125,86185500
2022-02-15,167.3596000589275,169.29778389652108,166.65480322042677,169.1411590576172,62527400
2022-02-16,168.22097415914394,169.67949961629867,166.4589825612284,168.90618896484375,61177400
2022-02-17,167.41831260412283,168.2797341887302,164.91237519788157,165.313720703125,69589300
2022-02-18,166.2338166433687,166.93859823103003,162.6804687451324,163.76702880859375,82772700
2022-02-22,161.49607262837773,163.16996871038384,158.7258326412145,160.8500213623047,91162800
2022-02-23,162.04421705709984,162.64133603328534,156.37649344425944,156.6897430419922,90009200
2022-02-24,149.35793777917277,159.411068207212,148.79018396900835,159.3033905029297,141147500
2022-02-25,160.38013909716133,161.6331077669388,157.47285626304333,161.3688201904297,91974200
2022-02-28,159.6166064975814,161.9267702066246,158.99990563300975,161.6331024169922,95056600
2022-03-01,161.22197083806662,163.0818568508139,158.5496253630897,159.75364685058594,83474400
2022-03-02,160.91852050375005,163.82580321014547,159.50892707803538,163.04269409179688,79724800
2022-03-03,164.91238359654656,165.34309441078548,162.05404766344782,162.7196807861328,76678400
2022-03-04,161.01643666085187,162.05405003585454,158.67690737340956,159.72430419921875,83737200
2022-03-07,159.91026569329455,161.53521443024337,155.68148559760553,155.93600463867188,96418800
2022-03-08,155.4661583222758,159.44041971330986,152.50992837199067,154.11529541015625,131148300
2022-03-09,158.0699979293642,159.95924959082657,156.04371820337047,159.5089569091797,91454900
2022-03-10,156.81698565051138,157.00297572975708,152.68609998585092,155.17247009277344,105342000
2022-03-11,155.57382899544626,155.9164439341305,151.23738556277695,151.4625244140625,96970100
2022-03-14,148.2517595892854,150.86537421208124,146.9302771053436,147.4392852783203,108732100
2022-03-15,147.7134197726543,152.28481594029148,147.20441143229365,151.81494140625,92964300
2022-03-16,153.73352378158447,156.6212246232631,151.19822129277074,156.21987915039062,102300200
2022-03-17,155.26058530967927,157.60011436017203,154.30128444798586,157.22813415527344,75615400
2022-03-18,157.12047215929823,161.00663805311925,156.3863100625295,160.51719665527344,123511700
2022-03-21,160.05709828830467,162.83713639325782,159.56765695852218,161.8876190185547,95811400
2022-03-22,162.01487524148183,165.84231029999864,161.42755456550663,165.25498962402344,81532000
2022-03-23,164.4424952526729,168.9942934206818,164.1096638130363,166.61561584472656,98062700
2022-03-24,167.4476727675763,170.46263328488442,166.61563143205333,170.3941192626953,90131400
2022-03-25,170.20810721060892,171.578536843318,169.10196511927478,171.03036499023438,80546200
2022-03-28,168.53423961902578,172.01905978493204,168.3678313455488,171.89181518554688,90371900
2022-03-29,172.95880948102644,175.22980987775352,172.61619451618012,175.18087768554688,100589400
2022-03-30,174.77947258625517,175.8170856417981,172.96853399467147,174.0159454345703,92633200
2022-03-31,174.0845012718467,174.27049138056105,170.7171422878286,170.92271423339844,103049300
2022-04-01,170.35495761395958,171.18701389593227,168.30909632537671,170.62904357910156,78751300
2022-04-04,170.88352814533914,174.72074581921223,170.75626863844195,174.6717987060547,76468400
2022-04-05,173.7516811601631,174.53479031608524,170.73672061862993,171.3632049560547,73401800
2022-04-06,168.72020734548278,169.963392443072,166.5373033062765,168.20140075683594,89058800
2022-04-07,167.5455515170426,169.69909027693134,166.26321768469555,168.50485229492188,77594700
2022-04-08,168.15246782773184,168.15246782773184,165.62694868711696,166.49815368652344,76575500
2022-04-11,165.14734748851222,165.46058226250346,162.0051266769478,162.24984741210938,72246700
2022-04-12,164.47185939466212,166.28278325109693,163.1209966207163,164.1194610595703,79265200
2022-04-13,163.8551587010773,167.42807423573976,163.24825626550125,166.8015899658203,70618900
2022-04-14,167.01694559853848,167.65322825491936,161.55477886000992,161.79949951171875,75329400
2022-04-18,160.45842830966066,163.0818413516457,160.11582837374732,161.5841522216797,69023900
2022-04-19,161.53522902332887,164.27610359926777,160.44866861751814,163.86495971679688,67723800
2022-04-20,165.19622127922986,165.31369734743882,162.59240492951264,163.6985321044922,67929800
2022-04-21,165.34307817395856,167.90774603308134,162.4064301142371,162.90565490722656,87227800
2022-04-22,162.94480808191494,164.32502122927878,158.08954369720692,158.3734130859375,84882400
2022-04-25,157.71755627231695,159.72426854560663,155.113739965227,159.44039916992188,96046400
2022-04-26,158.82370741856425,158.91180327087787,153.41048764569481,153.48880004882812,95623200
2022-04-27,152.61756012327783,156.4156137171025,152.09875364091826,153.2636260986328,88063200
2022-04-28,155.88709214046477,161.04580888521681,155.57384246237302,160.18438720703125,130216800
2022-04-29,158.42236732431553,162.69029635210208,153.92929946524063,154.3208465576172,131747600
2022-05-02,153.40067973909794,154.88857035171824,150.0333216240582,154.62428283691406,123055300
2022-05-03,154.81028218380573,157.31623426694395,153.0189401124905,156.11219787597656,88966500
2022-05-04,156.29820309411934,162.96439206944154,155.89685759161674,162.5141143798828,108256500
2022-05-05,160.38990141926735,160.61504020896953,151.6778383257631,153.45941162109375,130525300
2022-05-06,152.93987884779835,156.302387766656,151.14588956385867,154.1848907470703,116124600
2022-05-09,151.8810971374127,152.7633948486293,148.50880608897836,149.0675811767578,131577900
2022-05-10,152.45952464307157,153.6555174482576,149.92048190900607,151.46939086914062,115366700
2022-05-11,150.47925033829725,152.39087300235883,142.9405806152843,143.61700439453125,142689800
2022-05-12,139.9604210928437,143.32291464808353,136.06854586723028,139.75454711914062,182602000
2022-05-13,141.74456868725608,145.18550397266762,140.29369821646105,144.21498107910156,113990900
2022-05-16,142.68568558350242,144.61691862288893,141.34263600841436,142.67587280273438,86643800
2022-05-17,145.9305738468132,146.8226694807634,143.7934664467187,146.3031005859375,78336300
2022-05-18,143.9601314929513,144.46008977155722,137.14688920750964,138.04879760742188,109742900
2022-05-19,137.127274568989,138.87224434894858,133.91182362893935,134.64706420898438,136095600
2022-05-20,136.3528207232791,137.93113785871375,130.00034593006458,134.88233947753906,137426100
2022-05-23,135.07840236616943,140.4407585737006,134.941158046499,140.29371643066406,117726300
2022-05-24,138.03899606760518,139.17617200488684,134.62748321427134,137.5978546142578,104132700
2022-05-25,135.70577252262308,138.9996503137762,135.6175472592854,137.75465393066406,92482700
2022-05-26,134.68631051667606,141.4995389264538,134.44123025043575,140.9505615234375,90601500
2022-05-27,142.5288422380691,146.73441193920726,142.4013957458045,146.69520568847656,90978500
2022-05-31,146.13640370480223,147.69510991870735,143.95027792662736,145.91091918945312,103718400
2022-06-01,146.95012359470607,148.75392574652264,144.77380960507372,145.78355407714844,74286600
2022-06-02,144.92085472708317,148.29316134885798,143.96994216366954,148.23434448242188,72348100
2022-06-03,144.00911981753086,145.05807025566116,141.61714962601158,142.51904296875,88570300
2022-06-06,144.13656879270374,145.6462712304333,142.0484806619193,143.2640838623047,71598400
2022-06-07,141.50935357913772,146.06784060799566,141.26427330966123,145.78355407714844,67808200
2022-06-08,145.6560729457736,146.9206802540853,144.55811838609154,145.04827880859375,53950200
2022-06-09,144.18560463111925,145.0384790561678,139.72514139394366,139.83297729492188,69473000
2022-06-10,137.51940103001422,137.98995082700978,134.36276684809005,134.431396484375,91437900
2022-06-13,130.25522177759234,132.53937106937602,128.85337019356888,129.2847137451172,122207100
2022-06-14,130.5101288143863,131.25516732822615,128.89259032192393,130.14739990234375,84784300
2022-06-15,131.64728162043858,134.63726323315953,129.5592083618082,132.7648468017578,91533000
2022-06-16,129.48080196283757,129.78469908531477,126.50061768881059,127.50054931640625,108123900
2022-06-17,127.51036998343507,130.46113104749855,127.25547692933145,128.97103881835938,134520300
2022-06-21,130.7943693164419,134.36273561096428,130.6963462340486,133.19615173339844,81000500
2022-06-22,132.13743964836019,135.04899374439105,131.27476747959807,132.68643188476562,73409200
2022-06-23,134.1275183400123,135.86267563561398,132.96093402675356,135.54898071289062,72433800
2022-06-24,137.14689423988725,139.1173489130396,137.01946268880786,138.8722686767578,89116800
2022-06-27,139.89179587794544,140.6662578013618,138.19584483125837,138.8722686767578,70207900
2022-06-28,139.3329816038879,140.59758868635495,134.6176415748851,134.7352752685547,67083400
2022-06-29,134.75490940956817,137.90173093297278,133.98044756827542,136.4900665283203,66242400
2022-06-30,134.54901824559195,135.64697266058235,131.13750634293814,134.02944946289062,98964500
2022-07-01,133.36284196732555,136.3038045198631,132.9903302157903,136.1959686279297,71051600
2022-07-05,135.05883599741875,138.82326526029516,134.23535494237336,138.7742462158203,73353800
2022-07-06,138.5683715462856,141.28384979355582,138.30368070277723,140.1074676513672,74064300
2022-07-07,140.47017616296918,143.66603189279604,140.4603783389641,143.469970703125,66253700
2022-07-08,142.40142264422443,144.64636610420064,142.1465445700594,144.14639282226562,64547800
2022-07-11,142.8033331399919,143.7542455393016,140.95052737444695,142.01907348632812,63141600
2022-07-12,142.89160118673854,145.52866739512638,142.19558156771848,142.98963928222656,77588800
2022-07-13,140.17608985764943,143.56799177024092,139.3232005090592,142.62689208984375,71185600
2022-07-14,141.24462523992875,146.0187828364424,140.43095716603992,145.54823303222656,78140700
2022-07-15,146.83244295612025,147.89119117713278,145.28353435270415,147.2147674560547,76259900
2022-07-18,147.77355664160174,148.58722466683977,143.81305239727462,144.17578125,81420900
2022-07-19,145.0090823866063,148.25394254490203,144.01896354895925,148.02847290039062,82982400
2022-07-20,148.14610577429508,150.69494637561027,147.41086501912858,150.0283203125,64823400
2022-07-21,151.45956799212024,152.50851845862235,148.94994906470606,152.2928466796875,65086600
2022-07-22,152.33208328648058,153.2045683993023,150.39105184778396,151.0576629638672,66675400
2022-07-25,150.97923186102722,151.98896129458768,149.28328071900498,149.94009399414062,53623900
2022-07-26,149.26366918886245,150.07733740905365,147.8324089141252,148.61666870117188,55138700
2022-07-27,149.5774004686874,154.23392585668,149.16566738729702,153.7045440673828,78620700
2022-07-28,153.89075014754778,154.53776544520662,151.37133354934207,154.25347900390625,81378700
2022-07-29,158.06695385906744,160.40992030893383,156.36119003723385,159.31195068359375,101786900
2022-08-01,157.84144361325252,160.37067302404677,157.72380990621818,158.33160400390625,67829400
2022-08-02,156.94938527079637,159.21392420256825,156.48863324172908,156.86114501953125,59907000
2022-08-03,157.67481177613547,163.311657015849,157.58658648416494,162.8607177734375,82507500
2022-08-04,162.74310407937853,163.89989078177408,161.19419491158527,162.5470428466797,55474100
2022-08-05,160.22044287042655,162.81208464474912,160.0142829089203,162.3212432861328,56697000
2022-08-08,163.322576202136,164.7362019481858,161.19232614679143,161.8500518798828,60276900
2022-08-09,161.01557009848563,162.78260161908204,160.2596703687026,161.89907836914062,63135500
2022-08-10,164.60853143111325,166.23812814464867,163.8428202002786,166.1399688720703,70170500
2022-08-11,166.94495103045548,167.85792369494868,165.10920924668594,165.40371704101562,57149200
2022-08-12,166.70935086886797,169.01629605421468,166.29703098384923,168.9475860595703,68039400
2022-08-15,168.37821564106778,170.21395743937939,168.21133138479297,170.0176239013672,54091700
2022-08-16,169.61515973457077,170.52813256412875,168.51567974819596,169.86058044433594,56377100
2022-08-17,169.6052979143018,172.92337473871223,169.40896440067246,171.35269165039062,79542000
2022-08-18,170.56732446959606,171.69625328732099,169.94885973714076,170.95999145507812,62290100
2022-08-19,169.86053968443733,170.55754092380556,168.1720444080825,168.37820434570312,70346300
2022-08-22,166.58171149389958,166.74859572706774,164.0784180378036,164.50054931640625,69026800
2022-08-23,164.01956265497435,165.61971039901564,163.59743126526018,164.16680908203125,54147100
2022-08-24,164.25514348994625,165.03066617037743,163.2047358944321,164.46128845214844,53841500
2022-08-25,165.68839353539587,167.0234825149317,165.26627719342727,166.91549682617188,51218200
2022-08-26,167.44558409670634,167.91678748247466,160.56398047750997,160.6228790283203,78961000
2022-08-29,158.19813716461735,159.91608162954805,156.89251255304256,158.42393493652344,73314000
2022-08-30,159.16019500251252,159.58231130465205,154.8309714061125,155.99917602539062,77906200
2022-08-31,157.37356030730842,157.63861884578063,154.26162776653078,154.3401641845703,87991100
2022-09-01,153.77076113952282,155.5181549609377,151.83684522830168,155.06658935546875,74229900
2022-09-02,156.82379496598037,157.42262194968552,152.13135334781393,152.95596313476562,76957800
2022-09-06,153.60386838160778,154.21250676362826,150.8747921160952,151.69940185546875,73714800
2022-09-07,151.98409298992328,153.80019664109167,150.7962505650505,153.10321044921875,87449600
2022-09-08,151.8074024718103,153.49589780674214,149.88329791132227,151.63070678710938,84923800
2022-09-09,152.62220516793604,154.92916542303703,151.91539245059826,154.48739624023438,68028800
2022-09-12,156.6667134786447,161.2511691580026,156.38203213199495,160.43637084960938,104956000
2022-09-13,156.97102730327344,157.5993035102858,150.5606417135221,151.02203369140625,122656600
2022-09-14,151.95462406702927,154.22232317214238,150.79624593389804,152.46510314941406,87965400
2022-09-15,151.81721471946022,152.3964188629796,148.60712326254628,149.5789794921875,90481100
2022-09-16,148.44018170143968,148.57761661920165,145.65219268796744,147.93951416015625,162278800
2022-09-19,146.57501740526791,151.7288507316376,146.36887246061372,151.6503143310547,81474200
2022-09-20,150.59011171978128,155.18439428665013,150.27598106267698,154.0260009765625,107689800
2022-09-21,154.4579373320565,155.83230196535132,150.78645397951445,150.9042510986328,101696800
2022-09-22,149.58882383167358,151.6405372059972,148.1457489754599,149.94223022460938,86652500
2022-09-23,148.42058784002563,148.6954577569954,145.83875792782328,147.67449951171875,96029900
2022-09-26,146.91861726875362,150.95333323742267,146.8989794231201,148.00828552246094,93339400
2022-09-27,149.9421927062511,151.88591989139582,147.20329010150107,148.98013305664062,84442700
2022-09-28,144.93560783080054,147.8806554147203,142.18689375661808,147.09530639648438,146691400
2022-09-29,143.42383363893248,144.03247205665744,138.1031007730531,139.87013244628906,128138200
2022-09-30,138.69211755301987,140.4787870882612,135.47219979960417,135.6685333251953,124925300
2022-10-03,135.67837316238783,140.44935170481597,135.16789396191245,139.8406982421875,114311700
2022-10-04,142.3734205948832,143.54162523892447,141.61752082886468,143.423828125,87830100
2022-10-05,141.4309855077748,144.68035173905943,140.39038961833376,143.71829223632812,79471000
2022-10-06,143.13912691743977,144.8374334955695,142.5599378213271,142.76608276367188,68402200
2022-10-07,139.9290609248713,140.47881588020488,136.89566464180587,137.52394104003906,85925600
2022-10-10,137.84786987304688,139.29094450363405,136.03176603772727,137.84786987304688,74899000
2022-10-11,137.33738075448184,138.76083241469453,135.68816128454225,136.43423461914062,77033700
2022-10-12,136.58149154588781,137.78895683135124,135.6292583188671,135.8059539794922,70433700
2022-10-13,132.5173428390662,140.9598044199806,131.90868942611982,140.3708038330078,113224000
2022-10-14,141.66658426591152,141.87274416009623,135.6586927916983,135.84521484375,88598000
2022-10-17,138.4859408048433,140.28240638195203,137.70059190346555,139.8013916015625,85250900
2022-10-18,142.82500010106065,144.0128276023933,138.03438444661543,141.1168670654297,99136600
2022-10-19,139.09461918905455,142.29489928414645,138.90809708603376,141.22486877441406,61758300
2022-10-20,140.40024050696854,143.21766459219867,140.0370077826972,140.76345825195312,64522000
2022-10-21,140.25299045906925,145.1417806685085,140.03701908535325,144.57240295410156,86548600
2022-10-24,144.49385104011358,147.47815927955588,143.32564645655586,146.7124481201172,75981900
2022-10-25,147.3407290522299,149.69677613929844,146.62410499116672,149.5495147705078,74732300
2022-10-26,148.19481318791426,149.20594507644813,145.32828678897533,146.6143035888672,88194300
2022-10-27,145.35775035197634,146.31979510961392,141.48991849585923,142.14764404296875,109180200
2022-10-28,145.4853576495381,154.61500878306214,145.11232844918345,152.8872528076172,164762400
2022-10-31,150.35450854811523,151.4147275390832,149.13721674827332,150.5312042236328,97943200
2022-11-01,152.2393653788708,152.60258320946681,146.39835590820144,147.8905029296875,80379300
2022-11-02,146.22163806624556,149.3826576212183,142.34399432027527,142.37344360351562,93604600
2022-11-03,139.45783369878677,140.1842842462697,136.2084665510831,136.33609008789062,97918500
2022-11-04,139.71864706361086,140.28896920604143,132.1373281619349,136.07057189941406,140814800
2022-11-07,134.82178704829124,136.8277351131925,133.40581664759068,136.60157775878906,83374600
2022-11-08,138.06673762400212,139.0697043062685,135.19547054516553,137.1719207763672,89908500
2022-11-09,136.18856411022261,136.23773265765962,132.34381476431366,132.619140625,74917800
2022-11-10,138.88288280173376,144.41891479492188,137.17191586897493,144.41891479492188,118854000
2022-11-11,143.3863937850943,147.50645359818597,141.9605810648391,147.20162963867188,93979700
2022-11-14,146.48387656026793,147.7720118834529,144.96956884900007,145.80538940429688,73374100
2022-11-15,149.67960607049233,151.02673737922098,146.08068410249945,147.53598022460938,89868300
2022-11-16,146.64120672406102,147.36884742264508,144.831902680013,146.30686950683594,64218300
2022-11-17,143.98626748699053,148.95199258833983,143.71094152135223,148.20468139648438,80389400
2022-11-18,149.76811828911318,150.15160903599656,147.46717380781297,148.76513671875,74829600
2022-11-21,147.65399909356225,147.8604860232478,145.2547175972566,145.5398712158203,58724100
2022-11-22,145.65786938764137,147.9096450709946,144.47788413446048,147.67364501953125,51804100
2022-11-23,146.95585380028717,149.29613922514196,146.84768896962234,148.548828125,58301400
2022-11-25,145.83487333926465,146.3953678932279,144.66473067745702,145.63821411132812,35195900
2022-11-28,142.71777000634125,144.19273663104678,140.98714790150922,141.81312561035156,69246000
2022-11-29,141.8819517027843,142.39327767480953,138.007718580844,138.81402587890625,83763800
2022-11-30,139.04016787618127,146.23801151936658,138.20436253781247,145.5595245361328,111380900
2022-12-01,145.73656252403373,146.64120704597443,144.16325857031342,145.8348846435547,71250400
2022-12-02,143.5240993516398,145.53004745802465,143.2192602974079,145.3432159423828,65447400
2022-12-05,145.30389650239576,148.40132070138284,143.33727415278167,144.18292236328125,68826400
2022-12-06,144.61555599946504,144.84171332835018,139.55149534602168,140.5249786376953,64727200
2022-12-07,139.817029693259,140.97732977170875,137.663575645007,138.587890625,69721100
2022-12-08,139.98417924727298,141.12482380942538,138.7452125702619,140.2693328857422,62128300
2022-12-09,139.96447961702353,143.14058484738695,138.5485094221092,139.78749084472656,76097000
2022-12-12,140.3184631007223,142.08842573001988,138.70583381716978,142.07859802246094,70462700
2022-12-13,147.00500937638787,147.4671667934874,141.83279839446703,143.04226684570312,93886200
2022-12-14,142.9242927483946,144.2124280542218,138.80421630941913,140.82000732421875,82291200
2022-12-15,138.75506607434394,139.43355331078834,133.75984258432243,134.2220001220703,98931900
2022-12-16,134.4088086870883,135.35277902524194,131.4982009688156,132.2651824951172,160156900
2022-12-19,132.8551509782634,132.94364536804903,129.12840885731634,130.16087341308594,79592600
2022-12-20,129.19723960857664,131.0261987808424,127.72227301817315,130.09205627441406,77432800
2022-12-21,130.7607190395491,134.52680273214906,130.53456166494178,133.1894989013672,85928000
2022-12-22,132.10786913644063,132.31435609146064,128.12545567267372,130.0232391357422,77852100
2022-12-23,128.7350936895975,130.21006041152802,127.47645662054781,129.65940856933594,63814900
2022-12-27,129.18743096288975,129.2169290987198,126.57181955561124,127.85995483398438,69007800
2022-12-28,127.505939784758,128.8432433891337,123.76936236246999,123.9365234375,85438400
2022-12-29,125.8539710621533,128.30241331797103,125.59831560715067,127.44693756103516,75703700
2022-12-30,126.2669671564067,127.78125947114631,125.30331909041402,127.76158905029297,77034200
2023-01-03,128.10576142344397,128.71540946850325,122.09773035328112,122.98271179199219,112117500
2023-01-04,124.77234386397704,126.51280869797894,122.99255318811515,124.25119018554688,89113600
2023-01-05,125.0083349534918,125.63765344479737,122.67789249421179,122.93354797363281,80962700
2023-01-06,123.90707040938507,128.11563445804813,122.80575895135166,127.45681762695312,87754700
2023-01-09,128.29262549469274,131.18356309444624,127.72230314471543,127.97795867919922,70790800
2023-01-10,128.0860756971166,129.06938662217883,125.9817909176488,128.54823303222656,63896200
2023-01-11,129.0595847172529,131.28186245070447,128.28277553296553,131.26220703125,69458900
2023-01-12,131.64567480294028,132.0193227611732,129.24639368399414,131.1835174560547,71379600
2023-01-13,129.82655147153693,132.6683196907436,129.46273119909978,132.510986328125,57809700
2023-01-17,132.5798345273993,134.99877137842552,131.89151977321038,133.6713104248047,63646600
2023-01-18,134.53663801277594,136.2967583598761,132.77650266153844,132.95350646972656,69672800
2023-01-19,131.8423392118264,133.97612225756075,131.53751520588366,133.01248168945312,58280400
2023-01-20,133.02230476612493,135.71658218378784,131.97999755468973,135.56907653808594,80223600
2023-01-23,135.81491475833332,140.92814412125819,135.59858513124948,138.75502014160156,81760300
2023-01-24,137.9683697007518,140.77081216801105,137.95854199183503,140.1513214111328,66435100
2023-01-25,138.53872531246566,140.05301807827476,136.49343605439017,139.49253845214844,65799300
2023-01-26,140.78067082207204,141.842648779811,139.53186132489677,141.5574951171875,54105100
2023-01-27,140.77082215722044,144.77289057415175,140.69215546789684,143.4945831298828,70555800
2023-01-30,142.54079133466578,143.12094131391822,140.46600420175812,140.61349487304688,64015300
2023-01-31,140.31849689379183,141.93112656571586,139.90550801485074,141.8819580078125,65874500
2023-02-01,141.56728874190614,144.16322923439725,138.96152054070433,143.00291442871094,77663600
2023-02-02,146.41500811186492,148.65695608667727,145.69719525256042,148.302978515625,118339000
2023-02-03,145.55954560277002,154.75351068440185,145.36288637728777,151.92156982421875,154357300
2023-02-06,150.02379246889225,150.5449461888697,148.2636570715711,149.1977996826172,69858300
2023-02-07,148.12597415973434,152.63936822302708,148.12597415973434,152.0690460205078,83322600
2023-02-08,151.31189384284664,152.00020850727236,148.64711456554969,149.3845977783203,64120100
2023-02-09,151.213581264491,151.75440537570756,147.9096553354024,148.35214233398438,56007100
2023-02-10,147.1900447411898,149.04148154329528,146.9536843926681,148.71649169921875,57450700
2023-02-13,148.65743217523777,151.91715888947925,148.62788900472555,151.51339721679688,62199000
2023-02-14,149.8096612758476,151.43461079325414,148.56880303013764,150.87326049804688,61707600
2023-02-15,150.7846620299423,153.13836360909013,150.5581593331422,152.970947265625,65573800
2023-02-16,151.17855953849067,153.95573796607766,151.02100096105386,151.3755340576172,68167900
2023-02-17,150.03617955770974,150.67630162569367,148.55896091432058,150.23313903808594,59144100
2023-02-21,147.91882364629484,149.00212332766463,146.15601601247863,146.22494506835938,58867200
2023-02-22,146.60902132895072,147.67262055430007,144.9250004924314,146.64842224121094,51011300
2023-02-23,147.8105044744373,148.05670759936388,145.00379786650186,147.1309814453125,48394200
2023-02-24,144.8757304118409,144.95451719493005,143.50684198813192,144.4818115234375,55469600
2023-02-27,145.46662923177482,146.90444675275575,145.2105684203629,145.67343139648438,44998500
2023-02-28,144.81665531660641,146.81582313308783,144.5999954030627,145.1711883544922,50547000
2023-03-01,144.600022862706,144.99394185647634,142.80765687884437,143.1031036376953,55479000
2023-03-02,142.1872231725768,144.481837933212,141.71450238763347,143.69398498535156,52238100
2023-03-03,145.79164167073546,148.81502337863614,145.09243318314816,148.73623657226562,70732300
2023-03-06,151.4542819528968,153.9261705239575,151.12930710707832,151.49368286132812,87558000
2023-03-07,151.3656586110283,151.69064849711955,148.83469862838186,149.2975616455078,56182000
2023-03-08,150.48919246419973,151.13917230662574,149.52408044265695,150.54827880859375,47204800
2023-03-09,151.22778082054958,152.19289270805663,147.9483539187185,148.30288696289062,53833600
2023-03-10,147.92868001277867,148.64758887079853,145.36816171354923,146.24464416503906,68572400
2023-03-13,145.56508833410462,150.81413914374863,145.45675839142748,148.1846923828125,84457100
2023-03-14,148.98242012042218,151.07021762009597,147.82034869008896,150.27252197265625,73695900
2023-03-15,148.89377768233683,150.92248866561948,147.64306182318006,150.66644287109375,77167900
2023-03-16,149.84908663995225,154.0837837636838,149.33697988783769,153.48304748535156,76161100
2023-03-17,153.7095036146111,154.3594833307599,151.936838491952,152.64590454101562,98944600
2023-03-20,152.71487589238697,155.42311016638172,151.80883520237765,155.0094757080078,73641400
2023-03-21,154.93067719913012,156.97907354545168,154.1625097854557,156.86090087890625,73938300
2023-03-22,156.88062840402722,159.67749219321786,155.41325242402124,155.43295288085938,75701800
2023-03-23,156.41777837205046,159.09646969740976,155.28523492873595,156.51625061035156,67622100
2023-03-24,156.44728881765926,157.90480687220796,155.45263376473136,157.81617736816406,59196500
2023-03-27,157.51092158923748,158.3283178086609,155.4723523985585,155.87612915039062,52390300
2023-03-28,155.57083875533723,156.08294548571627,153.61105638332387,155.2556915283203,45992200
2023-03-29,156.94956160428092,158.60405440029712,156.92987617396892,158.32830810546875,51305700
2023-03-30,159.07676882534926,160.0024950198449,158.8207229739758,159.8941650390625,49501700
2023-03-31,159.9729235769942,162.4940408365555,159.45097422374334,162.3955535888672,68749800
2023-04-03,161.77514833228696,163.76445869825218,161.7259047034759,163.6462860107422,56976200
2023-04-04,164.0697406002056,164.3060859426903,162.6023648150906,163.11447143554688,46278300
2023-04-05,162.2379998945446,162.54328933366952,159.34264903941414,161.2728729248047,51511700
2023-04-06,159.96308282888376,162.45467221127325,159.53962067833683,162.1592254638672,45390100
2023-04-10,158.96843186504725,159.5691680908203,157.6487867222166,159.5691680908203,47716900
2023-04-11,159.88431146406083,159.89415417908276,158.07224508795338,158.35784912109375,47644200
2023-04-12,158.77148810772155,159.5987270827998,157.35335556356011,157.6685028076172,50133100
2023-04-13,159.1752417539843,163.28190788405584,158.96842452673738,163.04554748535156,68445600
2023-04-14,162.09027277975596,163.794009087704,161.33197803499354,162.70086669921875,49386500
2023-04-17,162.58270789230806,162.87815467656333,161.53880894471416,162.7205810546875,41516200
2023-04-18,163.5773508935462,164.8674527745674,163.13417327770642,163.9417266845703,49923000
2023-04-19,163.28189796071484,165.60605581206516,163.0258371209191,165.0841064453125,47720200
2023-04-20,163.56748026442403,165.3204450523275,163.04553091898333,164.1189727783203,52456400
2023-04-21,162.5432455544044,163.92197652976563,161.9917531642599,162.51370239257812,58337300
2023-04-24,162.49404087672,163.08493430890758,161.40089854610392,162.81903076171875,41949600
2023-04-25,162.68117729099055,163.78416246885476,161.24334444666383,161.28274536132812,48714100
2023-04-26,160.58350725145092,162.76979197769046,160.32746143764658,161.2728729248047,45498800
2023-04-27,162.68115222078845,165.99996498511996,162.68115222078845,165.8522491455078,64902300
2023-04-28,165.93103698503495,167.2703823718156,165.33030085507355,167.1029510498047,55275900
2023-05-01,166.70905380019818,167.86128258741087,166.07877442017465,167.01434326171875,52472900
2023-05-02,167.50671716698386,167.76277797719564,164.99544284655173,165.98025512695312,48425700
2023-05-03,166.92572910723644,168.32416114075937,164.6212713207429,164.9068603515625,65136000
2023-05-04,162.3857237588548,164.50306450874902,161.81453073644045,163.2720489501953,81235400
2023-05-05,168.38320830672657,171.65279246173276,168.16654839153733,170.9338836669922,113453200
2023-05-08,169.86041647416434,171.2096195052504,169.49604074216262,170.86492919921875,55962800
2023-05-09,170.42176761942747,170.90431601807424,168.99379282252266,169.1612091064453,45326900
2023-05-10,170.39224965147537,171.38690478906514,169.28924951921832,170.92404174804688,53724500
2023-05-11,171.2096322648924,171.9383837832071,169.55513971049686,171.11114501953125,49514700
2023-05-12,171.21962961924467,171.653548851867,168.6358569767775,170.1841583251953,45533100
2023-05-15,170.766027969497,170.8153397179057,169.0993901889802,169.69110107421875,37266700
2023-05-16,169.61220528633143,170.74630026056693,169.4248296710781,169.69110107421875,42110300
2023-05-17,169.3360585337975,170.53917778241149,168.06388478776768,170.30250549316406,57951600
2023-05-18,170.60820660461047,172.81724313624747,170.19401507639674,172.62986755371094,65496700
2023-05-19,173.95134816577144,173.95134816577144,172.5213979143073,172.7383575439453,55809500
2023-05-22,171.57465110395842,172.2945693897219,171.05197977463047,171.79161071777344,43570900
2023-05-23,170.7364116817252,170.9829553293692,168.9119826700276,169.1881103515625,50747300
2023-05-24,168.72461766792532,170.03623176135926,168.16250594092847,169.46424865722656,45143500
2023-05-25,170.02635984381527,171.4957503105663,169.3163129553576,170.5983428955078,56058300
2023-05-26,170.92379413047703,173.33991896491864,170.71669083708804,173.00460815429688,54835000
2023-05-30,174.51345913931758,176.51539231960112,174.12885165758402,174.8487548828125,55964400
2023-05-31,174.87834951174753,176.87042648421155,174.3162227478627,174.79945373535156,99625300
2023-06-01,175.24323239604442,177.62977324467488,174.4838737017158,177.60018920898438,68901800
2023-06-02,178.52716847079088,179.26679934554073,176.78163539298924,178.44827270507812,61996900
2023-06-05,180.10507993454968,182.3929972823034,175.57852688511534,177.0972442626953,121946500
2023-06-06,177.4818481362361,177.62976831057978,174.97695616659206,176.73236083984375,64848400
2023-06-07,175.97299569419778,178.70470351330488,174.8684849721747,175.361572265625,61944600
2023-06-08,175.44044804834044,178.3398036598064,175.00654388250445,178.07354736328125,50214900
2023-06-09,178.99068805786467,179.71059129506313,178.13272098000036,178.45816040039062,48900000
2023-06-12,178.76385922591572,181.34763164971682,178.46800386072707,181.24900817871094,54274900
2023-06-13,180.272706433175,181.60403301510047,179.91768300176238,180.77565002441406,54929100
2023-06-14,180.83481629104696,181.84071851135664,179.50348972235338,181.40679931640625,57462900
2023-06-15,181.4167083517838,183.9413132306641,181.23918907707676,183.4383544921875,65433200
2023-06-16,184.14839232814637,184.4048073735327,181.7224110612984,182.36341857910156,101256200
2023-06-20,181.86043752572817,183.52707478677846,181.86043752572817,182.45213317871094,49799100
2023-06-21,182.34369383727915,182.84665255889604,180.06563271508736,181.4167022705078,49515700
2023-06-22,181.19973368511316,184.46396933431626,181.13069423738702,184.41465759277344,51245300
2023-06-23,182.98470820219737,184.96691381940127,182.45216546765664,184.0990753173828,53117000
2023-06-26,184.2470177435845,185.45015206010262,182.66913223239737,182.70858764648438,48088700
2023-06-27,183.32002456056532,185.7854614474672,183.10306491069133,185.46002197265625,50730800
2023-06-28,185.33180236622022,187.2745677103686,185.00637796044083,186.63356018066406,51216800
2023-06-29,186.4658979165552,187.4422162021352,186.32783407243755,186.96884155273438,46347300
2023-06-30,188.9806846223995,191.79127381657796,188.61578970830604,191.288330078125,85213200
2023-07-03,191.10089105870892,191.19951452662892,189.1088143797874,189.7991485595703,31458200
2023-07-05,188.92145597370774,190.311950580781,187.98457816150727,188.6847686767578,46920300
2023-07-06,187.21536187872596,189.36523009534062,186.5842108059987,189.1581268310547,45094300
2023-07-07,188.76366516963594,190.00623962579556,187.6098428072387,188.0437469482422,46815000
2023-07-10,186.6433878022031,187.36330604998784,184.45407912216882,186.00238037109375,59922200
2023-07-11,186.5447914459214,186.68285528837708,184.02018687082855,185.47972106933594,46638100
2023-07-12,187.05759515232103,189.04967210294507,185.86433228601203,187.1463623046875,60750200
2023-07-13,187.86627557643092,188.54673850979384,187.15622860664624,187.9057159423828,41342300
2023-07-14,187.6000029338883,188.53686585918993,187.00830716161786,188.05364990234375,41616200
2023-07-17,189.2469126832782,191.6334686208352,189.1581605746784,191.3080291748047,50520200
2023-07-18,190.67688432979497,191.6433313227349,189.75973403360663,191.05162048339844,48288200
2023-07-19,190.4303301514657,195.48939585264796,189.9865395225249,192.40267944335938,80507300
2023-07-20,192.39279363664537,193.75371936128715,189.83860510668907,190.45989990234375,59581200
2023-07-21,191.41651794617295,192.2744851317762,188.58618628535973,189.286376953125,71951700
2023-07-24,190.73603816687742,192.21530010696893,189.59207198839397,190.0851593017578,45377800
2023-07-25,190.65713123041024,191.75178560391285,190.2527960456413,190.943115234375,37283200
2023-07-26,190.99243214213982,192.9351972994816,190.64728006234532,191.8109588623047,47471900
2023-07-27,193.3099522093675,194.47363103189025,189.8879250921341,190.5486602783203,47460200
2023-07-28,191.97860770429688,193.91151654263126,191.4559363697747,193.12257385253906,48291400
2023-07-31,193.3493555883998,193.77341841652577,192.56041303789354,193.7339630126953,38824100
2023-08-01,193.52691923606866,194.01013518521242,192.5801849485631,192.90562438964844,35175100
2023-08-02,192.34350758944402,192.48157144604934,189.19762292480593,189.9175262451172,50389300
2023-08-03,188.92148694956984,189.71041463976601,188.0536484329567,188.52700805664062,61235200
2023-08-04,182.95513345446872,184.7894189873242,179.40489853673822,179.47393798828125,115956800
2023-08-07,179.61200164257014,180.59817633552169,174.8980878140883,176.37734985351562,97576100
2023-08-08,177.20574441802665,177.77772758258462,175.12491507972354,177.31422424316406,67823000
2023-08-09,178.36941190145535,178.42857997538025,174.5627769846933,175.72647094726562,60378500
2023-08-10,176.99859377509202,178.25103959448677,175.1445959609342,175.5094757080078,54686900
2023-08-11,175.10462674008653,176.3883728930982,174.34424265962002,175.56874084472656,52036700
2023-08-14,175.74649049543365,177.44500246999712,175.09473274674426,177.21788024902344,43675600
2023-08-15,176.6451282666605,177.23762299403361,174.8379899652799,175.2329864501953,43622600
2023-08-16,174.91701484938284,176.30938743269644,174.29488099061055,174.364013671875,46964900
2023-08-17,174.92689581745674,175.29226839022536,171.31261851419777,171.8261260986328,66062900
2023-08-18,170.14735612669347,172.9123770667114,169.8116075662743,172.30999755859375,61172200
2023-08-21,172.88272795365145,173.92948217703207,171.56934282132403,173.64309692382812,46311900
2023-08-22,174.8478727981476,175.46012191641384,174.04799506153495,175.0157470703125,42038900
2023-08-23,176.28963972003098,179.2817827873095,176.10201110060572,178.85714721679688,52722800
2023-08-24,178.4127876208845,178.8374232276998,173.8110039705464,174.1763916015625,54945800
2023-08-25,175.16386577811136,176.91174101480664,173.62335841851225,176.3784942626953,51449600
2023-08-28,177.83999456976295,178.33374768816518,176.31924159506977,177.93875122070312,43820700
2023-08-29,177.45488030453177,182.58991008586239,177.2573820568172,181.8196563720703,53003900
2023-08-30,182.62943856671393,185.5030858470339,182.43194029759772,185.30557250976562,60813900
2023-08-31,185.49320316115478,186.75721017905872,185.13770024560978,185.5228271484375,60794500
2023-09-01,187.12259578872172,187.54721631397274,185.92770639795236,187.0929718017578,45766500
2023-09-05,185.92769881238064,187.60645663383806,185.26607135025952,187.3299560546875,45280000
2023-09-06,186.04618648324464,186.4905763861184,179.20277485131902,180.62478637695312,81755800
2023-09-07,172.99137409505227,175.98353252575788,171.37186410651492,175.34164428710938,112488800
2023-09-08,176.12176201867752,177.98814840122637,175.56874581023814,175.95387268066406,65551300
2023-09-11,177.82027676778657,178.0473990105972,175.12437356668377,177.119140625,58953100
2023-09-12,177.24751388848827,177.87951732730735,172.6358612060169,174.0973663330078,90370200
2023-09-13,174.30476112108144,175.0848996684252,171.80637096422893,172.03350830078125,84267900
2023-09-14,171.82610607332606,173.89987544974738,171.41135521167203,173.54437255859375,60895800
2023-09-15,174.27512191376346,174.29487626046748,171.64836639188815,172.823486328125,109259500
2023-09-18,174.2750704629895,177.13884716354463,173.96894598613557,175.7464599609375,67257600
2023-09-19,175.30212586469654,177.38576479928514,174.91699900323943,176.832763671875,51826900
2023-09-20,177.0203732393163,177.45487842056565,173.20859833310675,173.2974853515625,58436200
2023-09-21,172.36923745366522,174.09737357666756,171.68785565712008,171.75697326660156,63149100
2023-09-22,172.48773574692532,174.8676297137013,171.87548661966315,172.60623168945312,56725400
2023-09-25,172.02359502231215,174.75899170155245,171.97421669351675,173.88011169433594,46172700
2023-09-26,172.63585300181884,173.01109513731117,169.51532957863083,169.81158447265625,64588900
2023-09-27,170.46331542744704,170.87806622328196,166.93792612877573,168.30067443847656,66921800
2023-09-28,167.2243249736919,169.8807195182162,165.5258128129139,168.55746459960938,56294400
2023-09-29,169.87084635964763,170.90773103963988,168.21182785802986,169.0709686279297,51861100
2023-10-02,169.08084887750982,172.12237043121976,168.79446358018748,171.57923889160156,52164500
2023-10-03,170.1078434596355,171.46073744550782,168.6858469308082,170.24609375,49594600
2023-10-04,168.95244285882518,172.03347264460572,168.83394692911625,171.49034118652344,53020300
2023-10-05,171.61871413723316,173.2579782200924,170.52258153582127,172.7247314453125,48527900
2023-10-06,171.62863577063652,175.76629049023992,171.0163714833867,175.2725372314453,57266700
2023-10-09,174.6009972191987,176.81301689163445,173.60362121945622,176.75376892089844,42390800
2023-10-10,175.87486944103904,177.4746247468579,175.72673446240606,176.16123962402344,43698000
2023-10-11,175.9736336691769,177.60302823490863,175.38113888285298,177.55364990234375,47551100
2023-10-12,177.82025187235598,180.06188013769966,176.80310660532254,178.45225524902344,56743100
2023-10-13,179.15342336284206,179.65704624189655,175.91440332167903,176.61553955078125,51427100
2023-10-16,174.54174811745375,176.84263973108403,174.3047411678942,176.4871368408203,52517000
2023-10-17,174.4430143362244,176.19090503163542,172.61613638208402,174.936767578125,57549400
2023-10-18,173.38635072108465,175.36136323860268,172.92222157401596,173.64309692382812,54764400
2023-10-19,173.84060845589931,175.61812287122567,173.00123711265553,173.2678680419922,59302900
2023-10-20,173.11972583296543,173.22835212793277,170.4830858385587,170.7200927734375,64244000
2023-10-23,168.77470794688867,171.8359684831129,167.80694090892598,170.83859252929688,55980100
2023-10-24,170.8879597127696,171.50020876645127,169.3079436842464,171.27308654785156,43816600
2023-10-25,169.73259505065448,170.89784530264086,168.51795139973865,168.96234130859375,57157000
2023-10-26,168.2414494672427,169.2388405091802,163.600172706508,164.804931640625,70625300
2023-10-27,164.82468576422622,166.8490767618186,164.7456834493569,166.11831665039062,58499100
2023-10-30,166.90832288755587,169.03145545417337,166.7601878982554,168.16244506835938,51131000
2023-10-31,167.23420217717043,168.76482492650203,165.80230595130433,168.63645935058594,44846000
2023-11-01,168.86356825336904,172.0532092124064,167.99455793411695,171.7964630126953,56934900
2023-11-02,173.32714069522646,175.55889990398722,173.26789271763636,175.35153198242188,77334800
2023-11-03,172.06311427874405,174.61088250590672,171.18423421755685,174.4429931640625,79829200
2023-11-06,174.1763842242903,177.1882666996337,174.0085099439187,176.9907684326172,63841300
2023-11-07,176.9413698079054,180.1606499568927,176.73400192517136,179.54840087890625,70530000
2023-11-08,180.07177947416378,181.15802736111343,179.32126504404005,180.6050262451172,49340300
2023-11-09,180.67418930816274,181.8196853547634,179.53854783351557,180.1310577392578,53763500
2023-11-10,181.9108804268445,184.48178544542026,181.475802800193,184.3136749267578,66133400
2023-11-13,183.74018560328048,183.94782669363863,182.1482051958573,182.73159790039062,43627500
2023-11-14,185.59914075952597,186.0045554032819,184.21481647353394,185.34205627441406,60108400
2023-11-15,185.74742671461323,187.37895245541037,185.6782029727857,185.90562438964844,53790500
2023-11-16,187.44820698590362,188.82264852852316,186.5384909930313,187.58663940429688,54412900
2023-11-17,188.12059370194675,188.24914348244,186.4594046371221,187.56686401367188,50922700
2023-11-20,187.76460727588125,189.76200213676566,187.75472463510502,189.30714416503906,46505100
2023-11-21,189.26764208258632,189.37641150816785,187.6163354127611,188.50625610351562,38134500
2023-11-22,189.3467095850447,190.77057938008178,188.6940931656517,189.16871643066406,39617700
2023-11-24,188.733624664797,188.76328767363577,187.13176183550132,187.8437042236328,24048300
2023-11-27,187.79429075090235,188.5358962659671,186.7857030257735,187.66574096679688,40552600
2023-11-28,187.65584993609482,188.9413024556769,187.2800983304318,188.26890563964844,38415400
2023-11-29,188.76331653900834,189.93999969621768,186.85492560121705,187.2504425048828,43014200
2023-11-30,187.71517468500207,188.18981305356235,186.08364867108205,187.82394409179688,48794400
2023-12-01,188.19971472368132,189.4159436040849,187.11202054575708,189.0995330810547,45704800
2023-12-04,187.85361573572166,187.9228394923183,185.35193435249073,187.3097686767578,43389500
2023-12-05,188.0810636242485,192.2241539878595,188.05138552105933,191.255126953125,66628400
2023-12-06,192.27356863697858,192.58009647341478,189.95976327032974,190.16741943359375,41089700
2023-12-07,191.4627450433353,192.81740609388598,191.42318430562543,192.0955810546875,47477700
2023-12-08,192.02637677770835,193.79635031367135,191.50231010992096,193.5194854736328,53406400
2023-12-11,190.94856782781682,191.32431940935732,189.2774811684409,191.0177764892578,60943700
2023-12-12,190.9189094878757,192.54055280703432,189.57413099725628,192.53067016601562,52696900
2023-12-13,192.90642113434447,195.78385412672148,192.66911702808835,195.7443084716797,70404200
2023-12-14,195.80361960949875,197.38570218691584,193.96443748585023,195.89260864257812,66831600
2023-12-15,195.3190970971854,196.17935458626624,194.79503045579114,195.35865783691406,128538400
2023-12-18,193.89520715993984,194.42917151631295,192.214237877434,193.69744873046875,55751900
2023-12-19,193.96444926391277,194.7456004150459,193.69746706046115,194.7357177734375,40714100
2023-12-20,194.69614571593394,195.46741418063525,192.64932250976562,192.64932250976562,52242800
2023-12-21,193.90511142023345,194.87413831888384,191.33420648650613,192.50099182128906,46482500
2023-12-22,192.9953923922105,193.22282892375426,190.81013681243016,191.43309020996094,37149600
2023-12-26,191.4429507751369,191.7198155670022,190.67168241379784,190.88922119140625,28919300
2023-12-27,190.3355425015734,191.33423254727063,188.95120308408815,190.98814392089844,48087700
2023-12-28,191.96704448132198,192.48122849088116,191.00790021395272,191.41331481933594,34049900
2023-12-29,191.72972215657148,192.2241257878035,189.58401220758475,190.37506103515625,42672100
2024-01-02,185.0552730997862,186.33084291740326,181.83176685644636,183.5621795654297,82488700
2024-01-03,182.15806587250447,183.79948946618282,181.37689972544035,182.18772888183594,58414500
2024-01-04,180.11122069139344,181.04070184894312,178.85544644389557,179.87391662597656,71983600
2024-01-05,179.95304619735901,180.7144169560074,178.15340966673114,179.152099609375,62379700
2024-01-08,180.0519005320401,183.52262348166371,179.46850790157933,183.48306274414062,59144500
2024-01-09,181.86143345023166,183.07766218215258,180.68475037086026,183.06777954101562,42841800
2024-01-10,182.28661640904596,184.31365913260458,181.8614214601624,184.10601806640625,46792900
2024-01-11,184.45208965863696,184.9563909902637,181.56477442626638,183.51272583007812,49128400
2024-01-12,183.97748271061099,184.64987951630312,183.11722519297732,183.83905029296875,40477800
2024-01-16,180.12114381484557,182.1976301200088,178.90489995610474,181.57469177246094,65603000
2024-01-17,179.24109293861534,180.88250149305736,178.2819487070673,180.6352996826172,47317400
2024-01-18,184.00712853391946,187.0229935165519,183.75004409317066,186.51870727539062,78005800
2024-01-19,187.21088801676132,189.80155831594578,186.70660172518024,189.41592407226562,68903000
2024-01-22,190.14764863184953,193.14373357255337,190.10808789018887,191.7198486328125,60133900
2024-01-23,192.83720939883855,193.55903452389106,191.66052626402544,192.9954071044922,42355600
2024-01-24,193.23271418014866,194.18197579456825,192.16480052192722,192.32301330566406,53631300
2024-01-25,193.0349547434494,194.07320538533628,190.9485708187439,191.9967041015625,54822100
2024-01-26,192.09558049769083,192.5800863732271,189.7916578927919,190.2662811279297,44594000
2024-01-29,189.86086444187634,190.04874022336423,187.45807019569023,189.58399963378906,47145600
2024-01-30,188.80285272092348,189.65322753238257,185.37169046557113,185.935302734375,55859400
2024-01-31,184.94651023142666,185.00585134318092,182.28663127585358,182.3360595703125,55467800
2024-02-01,181.93066720224104,184.85752846784007,181.76257176566293,184.76853942871094,64885400
2024-02-02,177.84687547061628,185.2332669548565,177.24370243482153,183.76983642578125,102551700
2024-02-05,186.04410163536497,187.13179578344227,183.75995901240586,185.57936096191406,69668800
2024-02-06,184.76855142564483,187.1911265388062,184.67956238073768,187.18124389648438,43490800
2024-02-07,188.50622203381667,188.91163664571195,186.49894443287428,187.2899932861328,53439000
2024-02-08,187.27020463334281,187.41851968576853,185.25304448034683,186.21218872070312,40962000
2024-02-09,186.77652244170517,188.10322646586073,186.13298359451971,186.97454833984375,45155200
2024-02-12,186.54881961012742,186.79633688725167,184.93500212895557,185.2914276123047,41781900
2024-02-13,183.92513863049606,184.36077144619387,181.68757282391297,183.20237731933594,56529500
2024-02-14,183.47959151637605,183.68749754312392,180.6281880058035,182.32119750976562,54630500
2024-02-15,181.727184392981,182.65785175424014,179.54903541760635,182.0341033935547,65434500
2024-02-16,181.59845842120637,183.0142649801448,179.86583763061847,180.49948120117188,49752500
2024-02-20,179.98465441119404,180.6182980286837,178.2124373755958,179.75694274902344,53665600
2024-02-21,180.13313788058667,181.07370031307843,178.86585089859204,180.50936889648438,41371400
2024-02-22,181.65787110291916,183.1231842228548,180.64801151557128,182.53903198242188,52292200
2024-02-23,183.1726595934398,183.20236045475278,180.4202689919066,180.7073974609375,45119700
2024-02-26,180.43017719516277,180.94500218994074,178.8559560281093,179.36090087890625,40867400
2024-02-27,179.30151026553332,182.09349711935678,177.77679547469845,180.81631469726562,54318900
2024-02-28,180.69750358801915,181.30144633523983,178.34114943443706,179.6183319091797,48953900
2024-02-29,179.46981142225187,180.75690414056305,177.74708592784262,178.95497131347656,136682600
2024-03-01,177.76690051629518,178.73716395290236,175.61845249589473,177.8758087158203,73563100
2024-03-04,174.40064432483445,175.14319605787904,172.06408093389737,173.361083984375,81510100
2024-03-05,169.0642162124364,170.3315036177779,167.9355378949523,168.43057250976562,95132400
2024-03-06,169.3612273012443,169.53944760498507,167.00485787713032,167.44049072265625,68587700
2024-03-07,167.47019012011697,169.03450118476172,166.81675596481475,167.32168579101562,71765100
2024-03-08,167.32166963491963,171.9749911536114,167.26226790901475,169.03448486328125,76267000
2024-03-11,171.22253935977105,172.64824117092596,170.34137853305091,171.034423828125,60139500
2024-03-12,171.43046672764987,172.30173241116674,169.31171935776177,171.50967407226562,59825400
2024-03-13,171.05423942259554,171.4700666239107,169.06419090034882,169.43052673339844,52488700
2024-03-14,171.19286456313577,172.57895536432744,170.34140446890183,171.28196716308594,72913500
2024-03-15,169.47011882986195,170.9057159423828,168.59885322457814,170.9057159423828,121752700
2024-03-18,173.82641511894556,175.94516209588443,171.79677072295308,171.99478149414062,75604200
2024-03-19,172.6086493883763,174.8561105550952,171.31166123855039,174.3313751220703,55215200
2024-03-20,173.97492929704185,176.8956298828125,173.3511809805003,176.8956298828125,53423100
2024-03-21,175.29172116809335,175.72735394947048,169.14338597139206,169.66812133789062,106181300
2024-03-22,170.05425166968308,171.33144918231721,168.37113733503185,170.569091796875,71160100
2024-03-25,168.87611739287553,170.2325074163458,167.76722957196378,169.15333557128906,54288300
2024-03-26,168.31174106723407,169.71763732680742,167.8959138727621,168.02462768554688,57388400
2024-03-27,168.7176579392829,171.87598039200594,168.42063422483255,171.58885192871094,60273300
2024-03-28,170.0443614510728,170.51959037094832,168.81667037520143,169.77703857421875,65672700
2024-04-01,169.48989896556722,169.54930068295263,167.79687448381927,168.34141540527344,46240500
2024-04-02,167.40089107386055,167.65830361021796,166.55932626663449,167.16326904296875,49329500
2024-04-03,167.11378032805132,168.98501058686435,166.9058742477708,167.96524047851562,47691700
2024-04-04,168.59883533803097,170.2126525655396,167.14344787597656,167.14344787597656,53704400
2024-04-05,167.90583031188157,168.69788868535903,167.27218663455102,167.89593505859375,42104800
2024-04-08,167.35134137193882,167.51965126846147,166.569193604892,166.777099609375,37425500
2024-04-09,167.02464767080627,168.39094781013864,166.67813256359855,167.98501586914062,42373800
2024-04-10,167.12365945587084,167.4107728345435,165.45044033625643,166.11378479003906,49709300
2024-04-11,166.6682511911636,173.71755440871303,166.4900459805643,173.3017120361328,91070300
2024-04-12,172.52942533467058,176.5887144383463,172.47993396851362,174.79669189453125,101670900
2024-04-15,173.6185038309996,174.8758957155582,170.78690583147454,170.9750213623047,73531800
2024-04-16,170.04436539186383,172.0343988146065,166.59892920522176,167.69790649414062,73711200
2024-04-17,167.92563121825307,168.95529649982927,166.3316192626953,166.3316192626953,50901200
2024-04-18,166.36129252101995,166.96523521407434,164.8959946340493,165.38111877441406,43122900
2024-04-19,164.55941006923095,164.7475105290668,162.4505578172506,163.36141967773438,68149400
2024-04-22,163.8762247169617,165.59893510418706,163.13367296874276,164.1930389404297,48116400
2024-04-23,163.7079130900853,165.391027347015,163.28217556978177,165.2425079345703,49537800
2024-04-24,164.8860792640679,167.61867928406764,164.55936979904956,167.34146118164062,48251800
2024-04-25,167.84639438412742,168.91567070440144,166.48009434590165,168.20281982421875,50558300
2024-04-26,168.1929553099538,169.63844783702467,167.49989480565932,167.61871337890625,44838400
2024-04-29,171.64826373021612,174.28185098854456,171.38095596804143,171.7769775390625,68169400
2024-04-30,171.6086653165762,173.25218351807536,168.31173366197407,168.63845825195312,65934800
2024-05-01,167.8959315377214,170.99485287185942,167.43059781958385,167.61871337890625,50383100
2024-05-02,170.79682058773386,171.69778712393833,169.19291342760516,171.31166076660156,94214900
2024-05-03,184.7963833456082,185.14291355827163,180.84601747897057,181.55886840820312,163224100
2024-05-06,180.53911545314375,182.37073431535399,178.62827413884693,179.9054718017578,78569700
2024-05-07,181.6281680754234,183.06376520709566,179.51933122687228,180.58859252929688,77305800
2024-05-08,181.0341096024307,181.25192597526086,179.64800403830677,180.92520141601562,45057100
2024-05-09,180.74701199258516,182.82616313989396,180.30148392023486,182.737060546875,48983000
2024-05-10,183.3120539854214,183.50042466657956,180.56585391849484,181.4779510498047,50759500
2024-05-13,183.8474543189662,185.49320196467926,183.03448917069318,184.68023681640625,72044800
2024-05-14,185.89965779253163,186.6828817403559,184.6901339480471,185.82034301757812,52393600
2024-05-15,186.2962297111884,189.01268886802714,185.76085876781028,188.09068298339844,70400000
2024-05-16,188.83421956137332,189.45881387860598,188.03117836935675,188.20962524414062,52845200
2024-05-17,187.8824709799172,189.1713095252472,187.55530322495105,188.2393798828125,41282900
2024-05-20,187.70403175639103,190.2717851507536,187.38677266186554,189.3993377685547,44361300
2024-05-21,189.44890089382775,191.07481584379752,189.28036268210627,190.69808959960938,42309400
2024-05-22,190.6187885434668,191.16406816634918,188.63596455316463,189.2605438232422,34648500
2024-05-23,189.3398501117122,189.35968258649532,185.02721720275102,185.2750701904297,51005900
2024-05-24,187.19840810516956,188.94328765804346,186.42509288132968,188.3484344482422,36327000
2024-05-28,189.86531862155948,191.3425280405038,187.47602704829728,188.35838317871094,52280100
2024-05-29,187.98162409974876,190.59895109353056,187.8824768517226,188.65577697753906,53068000
2024-05-30,189.12172393667825,190.52952698465035,188.99285067972127,189.6471710205078,49889100
2024-05-31,189.79589676882185,190.9161970579539,188.2790377703441,190.59893798828125,75158300
2024-06-03,191.24336235629542,193.31542486412093,190.86663609575578,192.36366271972656,50080500
2024-06-04,192.96841099700254,193.64257895328527,191.37223723797064,192.680908203125,47471400
2024-06-05,193.72190135445058,195.20901937445223,193.19645419760306,194.1878662109375,54156800
2024-06-06,194.0093990023229,194.81244022862765,192.50244866402238,192.80978393554688,41181800
2024-06-07,192.978343568532,195.2486855650071,192.47272888451312,195.19911193847656,53103900
2024-06-10,195.20899197297106,195.60556579928584,190.49978557066368,191.46145629882812,97010200
2024-06-11,191.98692512163242,205.38091074009856,191.96710777388114,205.37098693847656,172373300
2024-06-12,205.58911253699537,218.30893098905233,205.12314766198512,211.24017333984375,198134300
2024-06-13,212.8958066808934,214.888539245905,209.7827737762817,212.4001007080078,97862700
2024-06-14,212.01346682824212,213.32212283006638,209.48536314811375,210.66514587402344,70122700
2024-06-17,211.53757201804441,217.06965275202606,210.89316027395952,214.80923461914062,93728300
2024-06-18,215.72133922684367,216.75241620599633,211.17076165562816,212.44967651367188,79943300
2024-06-20,212.0927425591543,212.4000929584359,207.05638337080816,207.87924194335938,86172500
2024-06-21,208.58317289420788,210.07029091430852,205.33134270047418,205.7080841064453,241805100
2024-06-24,205.93608683303725,210.87331399723786,204.8157865138524,206.35247802734375,80727000
2024-06-25,207.35380525957078,209.5646648210329,206.81844945769743,207.27450561523438,55549700
2024-06-26,209.68362348048936,213.01476817493463,208.8310086144187,211.41859436035156,66213200
2024-06-27,212.8462361886446,213.88722177256454,210.5263358320774,212.2613067626953,49772700
2024-06-28,213.91695291908772,214.21437951883613,208.4939285392998,208.81117248535156,82542700
2024-07-01,210.26855134899324,215.64200216221636,210.10001313722785,214.88853454589844,60402900
2024-07-02,214.29369867156123,218.48738234159504,213.2527281692765,218.37832641601562,58046200
2024-07-03,218.11063203893852,219.64732360839844,217.1489612238199,219.64732360839844,37369800
2024-07-05,219.7464397478406,224.5052198536283,219.7464397478406,224.3961639404297,60412400
2024-07-08,225.13972278278513,225.89320550199054,221.3327047505454,225.86346435546875,59085900
2024-07-09,225.97252074204383,227.42989753320916,224.4259205051531,226.71607971191406,48076100
2024-07-10,227.3307677065015,231.0783037422216,227.28119408246098,230.97915649414062,62627700
2024-07-11,229.40280147827102,230.39421338925845,223.83107137940016,225.61561584472656,64710600
2024-07-12,226.95403700304678,230.64209091466597,226.71609267309665,228.56011962890625,53046500
2024-07-15,234.44910163171727,235.1926606193721,231.0882156126273,232.386962890625,62631300
2024-07-16,232.98180687397965,234.24090427881208,230.33473879844306,232.80335998535156,43234300
2024-07-17,227.47949520376963,229.4722431354341,224.69362972259938,226.91439819335938,57345900
2024-07-18,228.3023493485251,228.46097889584826,220.36114484151935,222.25473022460938,66034600
2024-07-19,222.88925101284036,224.85224251867803,221.36246807560826,222.3836212158203,49151500
2024-07-22,225.06041535891617,225.82380677595344,221.174082433242,222.03662109375,48201800
2024-07-23,222.44308791792702,224.9910238167192,220.76759935066607,223.0775909423828,39960300
2024-07-24,222.0762625279836,222.86939506256107,215.2652677100796,216.66314697265625,61777600
2024-07-25,217.0497975364767,218.95332167523742,212.77681471652627,215.62217712402344,51391200
2024-07-26,216.8217851678197,217.6050090608147,214.15488466672127,216.08815002441406,41601300
2024-07-29,215.09674706599597,217.41664743865044,213.8971319294418,216.36575317382812,36311800
2024-07-30,217.3075942808937,218.43780333279796,214.26395224147618,216.9209442138672,41643800
2024-07-31,219.53827220377053,221.89783756706774,218.73523091700034,220.1727752685547,50036300
2024-08-01,222.44310665442717,222.55216258005441,215.15623749650504,216.48472595214844,62501000
2024-08-02,217.2679535525998,223.6625736376586,215.8403328497811,217.97186279296875,105568600
2024-08-05,197.38018251460616,211.6664309709882,194.3167235143498,207.47276306152344,119548600
2024-08-06,203.53686913101606,208.18659343179937,199.34320096724198,205.45028686523438,69660500
2024-08-07,205.12314519344287,211.8052677945223,204.61753049861642,208.01808166503906,63516400
2024-08-08,211.27979376271134,212.36042911915672,207.03655197769595,211.4780731201172,47161100
2024-08-09,210.2784745623819,214.91827509282652,210.1495861717322,214.38291931152344,42201600
2024-08-12,214.4623401059105,217.8767320905019,213.9958359256548,215.91146850585938,38028100
2024-08-13,217.38043273085663,220.2390087017958,217.38043273085663,219.62362670898438,44155300
2024-08-14,218.92887503482297,221.37056313371255,218.06533789669703,220.0703125,41960600
2024-08-15,222.9288560878089,223.67327566716008,221.1025352094067,223.04795837402344,46414000
2024-08-16,222.25393109506462,225.1422830006272,221.98593577772976,224.3680877685547,44340200
2024-08-19,224.0405257400108,224.30852103873067,221.38045847347976,224.20925903320312,40687800
2024-08-20,224.09017687092657,225.4797542015927,223.7725505409132,224.8246612548828,30299000
2024-08-21,224.8345868015738,226.28371522001356,223.37552309496598,224.71546936035156,34765500
2024-08-22,226.09511339685906,226.64102413052154,222.2340576918725,222.859375,43695300
2024-08-23,223.9809934126029,226.5219434569281,222.66088738350675,225.15220642089844,38677300
2024-08-26,225.07276614784877,225.58890128123517,222.22412549030662,225.48963928222656,30602200
2024-08-27,224.31844891527626,227.14724957253156,223.21670725505913,226.33334350585938,35934600
2024-08-28,226.22414704916858,228.14971479709,224.0008084384826,224.80479431152344,38052200
2024-08-29,228.38793686624163,231.18694665641485,227.17701311839377,228.08023071289062,51906300
2024-08-30,228.4772755570311,228.68570457235603,225.78743262658827,227.29612731933594,52990800
2024-09-03,226.84949624301046,227.29614502733148,219.52440165721936,221.1125030517578,50190600
2024-09-04,220.01072730838987,220.1298295937355,215.86182100754215,219.20675659179688,43840200
2024-09-05,219.9809679444758,223.80231295165626,219.87178579311316,220.7253875732422,36615400
2024-09-06,222.28371844795942,223.5641288078718,218.1348266072838,219.17701721191406,48423000
2024-09-09,219.17700018247805,219.6236489368284,215.09757995493325,219.26632690429688,67180000
2024-09-10,217.29111136152258,219.83206111139577,215.1174037589381,218.47225952148438,51591000
2024-09-11,219.81222755985956,221.43008920211523,216.26878297144034,221.0032958984375,44587100
2024-09-12,220.84450772306226,221.88669831664953,218.18445530425632,221.1125030517578,37455600
2024-09-13,221.91644846858938,222.37301734416337,220.25887596851652,220.844482421875,36766600
2024-09-16,214.92882889414335,215.60377723416104,212.32832783334672,214.71047973632812,59357400
2024-09-17,214.14470101422842,215.2861383219032,212.90400170360138,215.1769561767578,45519300
2024-09-18,215.9313221513165,221.05293280374121,215.92138686335736,219.04795837402344,59894900
2024-09-19,223.31596324984213,228.11002736409566,222.95864123060412,227.16708374023438,66781300
2024-09-20,228.25889437635817,231.35567496568984,225.9263736470506,226.50205993652344,318679900
2024-09-23,225.64844919522082,227.74275012420983,224.12983453268782,224.78492736816406,54146000
2024-09-24,226.94872814757065,227.64353192764617,224.05045616714196,225.67825317382812,43556100
2024-09-25,223.2563961324406,225.59883710649478,222.35317851779175,224.68568420410156,42308700
2024-09-26,225.60876888531146,226.7998372114188,223.73283210674714,225.82713317871094,36636700
2024-09-27,226.76016679177644,227.81227751628776,225.60879405182706,226.0951385498047,34026000
2024-09-30,228.32834458529206,231.26632690429688,227.9412470473568,231.26632690429688,54541900
2024-10-01,227.81225543239978,227.9412778656533,222.07526286618742,224.52688598632812,63285000
2024-10-02,224.2092739820147,225.67825786117984,221.36063294746157,225.0926513671875,32880600
2024-10-03,223.4648504260935,225.12242301224842,221.65839996957536,223.99090576171875,34044200
2024-10-04,226.20429410810965,226.3035561118749,222.46235586119454,225.11248779296875,37245100
2024-10-07,222.8296172342201,224.01076551273388,219.68320530273118,220.04052734375,39505400
2024-10-08,222.6311156567822,224.29860847272343,221.58892507419034,224.09017944335938,31855700
2024-10-09,223.55416342639623,228.0405364361267,223.15714569962594,227.83209228515625,33591100
2024-10-10,226.0851807689644,227.7923841625437,225.47971892420364,227.33580017089844,28183500
2024-10-11,227.5939128444124,227.70309500312143,225.64848941975737,225.85693359375,31759200
2024-10-14,226.99834931201846,230.0058033150611,226.89910245149323,229.57901000976562,39882100
2024-10-15,231.87181141001133,235.72294688412148,230.64103225198252,232.1100311279297,64751400
2024-10-16,229.87679699083486,230.39291705034768,228.1298824963092,230.05545043945312,34082200
2024-10-17,231.69314333147315,232.1100316250369,228.80480686495974,230.42266845703125,32993800
2024-10-18,234.4227083661851,234.4227083661851,232.2688559498539,233.25149536132812,46431500
2024-10-21,232.7055796017645,235.08773156933626,232.7055796017645,234.72047424316406,36254500
2024-10-22,232.14972869721714,234.46239402859047,230.8693336731526,234.10507202148438,38846600
2024-10-23,232.33833466706656,233.39044533687328,226.0653512199268,229.04302978515625,52287000
2024-10-24,228.26882480795348,229.10258628095696,226.71051430099084,228.8544464111328,31109500
2024-10-25,228.03059902781462,231.48470145399645,227.8618657494506,229.68817138671875,38802300
2024-10-28,231.58396917060392,232.983466430484,230.8196941830456,231.66336059570312,36087100
2024-10-29,231.36563017470797,232.5864741436605,230.59143496071306,231.93138122558594,35417200
2024-10-30,230.87924283818487,231.7328445287285,227.84201349481597,228.38792419433594,47070900
2024-10-31,227.63358238786932,228.11994197442104,223.693120129287,224.22911071777344,64370100
2024-11-01,219.32588166379162,223.67329727363756,218.63109301833273,221.25144958496094,65276700
2024-11-04,219.34570882983752,221.13230364643434,218.07523400035532,220.3581085205078,44944500
2024-11-05,220.14971259990074,222.28370958768312,219.49461965793014,221.7874298095703,28111300
2024-11-06,220.95366880237512,224.387931303672,219.54423614319148,221.06285095214844,54561100
2024-11-07,222.95864433437472,226.18446269494834,222.89909318788202,225.7874298095703,42137700
2024-11-08,225.72779283046052,227.2083389148385,224.9726232043034,225.51913452148438,38328800
2024-11-11,223.57161930508033,224.2671724216453,220.09383856033463,222.80650329589844,42005600
2024-11-12,223.12447909885432,224.15787013461932,221.94203121973345,222.80650329589844,40398300
2024-11-13,222.58788780053936,225.2111273985325,221.34582330978657,223.6908416748047,48566200
2024-11-14,223.5914518391994,227.41700079571672,223.5715745650122,226.77113342285156,44923900
2024-11-15,224.96270031544069,225.47940335635096,222.8462328667566,223.57159423828125,47923700
2024-11-18,223.82001439888424,228.28151537171908,223.74052045447314,226.5724334716797,44633700
2024-11-19,225.53901477922054,228.6988344551977,225.22105418122663,226.8307647705078,36211800
2024-11-20,226.61216873586113,228.4702922716314,224.45594670445817,227.54620361328125,35169600
2024-11-21,227.42695953023323,228.69883223369175,224.2770861035494,227.06924438476562,42108300
2024-11-22,226.61216818417898,229.25528492407807,226.61216818417898,228.41067504882812,38168300
2024-11-25,229.99059491471002,231.76922452168117,228.2815130321861,231.39163208007812,90152800
2024-11-26,231.84870566104107,234.07449047305911,231.84870566104107,233.56771850585938,45986200
2024-11-27,232.98145117337265,234.19370712659864,232.32563759305353,233.4385223388672,33498400
2024-11-29,233.31931239062584,236.3002669685808,232.48464874765904,235.8233184814453,28481400
2024-12-02,235.76372114031196,239.26136388188382,235.65441885701782,238.06898498535156,48137100
2024-12-03,238.28756099978403,241.21882985808793,237.3833345065081,241.10952758789062,38861000
2024-12-04,241.32814402991647,242.56027739454964,239.7184333911867,241.46725463867188,44383900
2024-12-05,242.4410361127995,242.98753231090083,240.59284370740727,241.49705505371094,40033900
2024-12-06,241.36788746709487,243.0769692456264,240.5431549096241,241.29832458496094,36870600
2024-12-09,240.29475369946152,245.67041216886827,240.21525975684386,245.1835174560547,44649200
2024-12-10,245.32261857013248,246.63424582967986,243.7824557106041,246.19703674316406,36914800
2024-12-11,246.3858398593606,249.20780656351602,244.69662013013263,244.9251708984375,45205800
2024-12-12,245.32260415969785,247.1608653940442,244.1202792424049,246.3858184814453,32777500
2024-12-13,246.24671899982582,247.70737273801882,244.67674782957272,246.55474853515625,33155300
2024-12-16,246.41563368868003,249.78411156803347,246.07778066556844,249.44625854492188,51694800
2024-12-17,248.49237939681157,252.2185726786221,248.19428090188288,251.87078857421875,51356400
2024-12-18,250.55917390522964,252.6657103008961,246.1672359539693,246.4752655029297,56774100
2024-12-19,245.92875304737495,250.4001849209636,245.52135228225407,248.20420837402344,60882300
2024-12-20,246.4653249902114,253.3811464831127,244.13025293349912,252.8743896484375,147495300
2024-12-23,253.15258832932108,254.02699130961165,251.84096111600803,253.6494140625,40858800
2024-12-24,253.86804957710976,256.5707679464462,253.6693071300515,256.56085205078125,23234700
2024-12-26,256.55086249805703,258.44874034869076,255.99442012888886,257.3755798339844,27237100
2024-12-27,256.19314630806485,257.05764856283577,251.45343969164696,253.96737670898438,42355300
2024-12-30,250.62873106361576,251.8906728018858,249.15813098648073,250.5989227294922,35557500
2024-12-31,250.83739579916153,251.6720594492945,247.84649497663966,248.83021545410156,39480700
2025-01-02,247.34966196417784,247.51859606258614,240.28481431614935,242.3019256591797,55740700
2025-01-03,241.8150177001953,242.6298040057451,240.3543488544026,241.8150177001953,40244100
2025-01-06,242.75900387005615,245.7598357483754,241.6560500607284,243.4446258544922,45045600
2025-01-07,241.4374181829594,243.99110961427562,239.81777667580207,240.6723175048828,40856000
2025-01-08,240.3841480569624,242.16279257722746,238.52602476613023,241.15919494628906,37628900
2025-01-10,238.48628640867517,238.63534322792128,231.52079498772144,235.3463592529297,61710900
2025-01-13,232.04743903723335,233.18020116738663,228.26162915914,232.9119110107422,49630700
2025-01-14,233.25971079858908,234.62100862534365,230.99418638589506,231.79904174804688,39435300
2025-01-15,233.1504034772107,237.4429855317883,232.94172997653553,236.35989379882812,39832000
2025-01-16,235.84318609247865,236.49898454969573,226.58234697208553,226.81088256835938,71759100
2025-01-17,230.6463874145182,230.8153063545454,227.02949646555186,228.5199737548828,68488300
2025-01-21,222.57792910461188,222.99526090225285,217.98726416864307,221.2265625,98070400
2025-01-22,218.39465138442915,222.6971640978084,218.39465138442915,222.4090118408203,64126500
2025-01-23,223.3132578125695,225.58871322146769,220.88874557201237,222.2401123046875,60234800
2025-01-24,223.35296445648333,224.19757422629087,220.00436403066544,221.36566162109375,54697900
2025-01-27,222.5978054024586,230.67618150163648,222.5580508531902,228.40072631835938,94863400
2025-01-28,229.38444497187513,238.66514594376807,229.3446904229109,236.7473907470703,75707600
2025-01-29,232.6336842670617,238.33724933385383,232.52438199561368,237.84042358398438,45486100
2025-01-30,237.1548105184623,239.26134692510684,235.7040877651042,236.0816650390625,55658300
2025-01-31,245.62071750771995,245.62071750771995,231.95800933839706,234.5017547607422,100959800
2025-02-03,228.5298949466701,230.35820991583037,224.26712187534005,226.5624542236328,73063300
2025-02-04,225.80731341689966,231.64998934854387,225.21111642561868,231.32208251953125,45067300
2025-02-05,227.0791817096477,231.19289841511937,226.82083777153602,230.99417114257812,39620300
2025-02-06,229.82163993606684,232.31571480889477,228.9670990724139,231.73939514160156,29925300
2025-02-07,231.1233398047693,232.51444580894437,225.81722939017394,226.1848907470703,39707200
2025-02-10,228.36338248973718,229.378010419489,226.00582893863492,226.45346069335938,33115600
2025-02-11,227.000572314181,233.99362125199642,226.93094812871882,231.3973388671875,53718400
2025-02-12,229.98480349517558,235.71453849328682,229.4675323792709,235.625,45243300
2025-02-13,235.66483088933668,241.06628412426815,234.3318774239705,240.2605438232422,53614100
2025-02-14,239.981993568851,244.25939586817944,239.72336558929686,243.31439208984375,40896200
2025-02-18,242.86674847770814,243.8913336127375,240.56889220053384,243.18507385253906,48822500
2025-02-19,243.37407429304395,244.716969605811,241.88195827091008,243.5829620361328,32204200
2025-02-20,243.65259654249155,245.4829218502696,243.00600383864503,244.5379180908203,32316900
2025-02-21,244.65729095432025,247.38289505871285,243.93113206298463,244.2593994140625,53197400
2025-02-24,243.64264638435856,247.55199828948733,243.1353323966777,245.80125427246094,51326400
2025-02-25,246.69650753214344,248.68599549611233,243.62275227067275,245.74154663085938,48013300
2025-02-26,243.04581476744292,243.69239232640413,237.87314875998453,239.0966796875,44433600
2025-02-27,238.1516754344793,241.18564780716906,235.81402085750776,236.05276489257812,41153600
2025-02-28,235.70459571566596,240.8175794410065,228.9900734891547,240.5688934326172,56833400
2025-03-03,240.51913191748446,242.7473638198223,234.8689935924468,236.77890014648438,47184000
2025-03-04,236.46061504010896,238.80821160759587,233.4465266012979,234.68995666503906,53798100
2025-03-05,234.18263593082168,235.30670153327668,228.0251680036218,234.50096130371094,47227600
2025-03-06,233.207802772317,236.60982567864426,231.93453157387603,234.09312438964844,45170400
2025-03-07,233.8742532807345,240.10134501237943,233.5260868229449,237.81344604492188,46273600
2025-03-10,234.3019970725287,234.91874867921032,223.04150278970278,226.28436279296875,72071200
2025-03-11,222.63365113389432,224.65298022983382,216.30707871737093,219.67926025390625,76137400
2025-03-12,218.9829331071368,220.58447147788527,213.7804264853068,215.83953857421875,62547500
2025-03-13,214.81496040955514,215.70028194858565,207.3245394208188,208.57791137695312,61368300
2025-03-14,210.13967261110687,212.8254784087618,208.4784519318959,212.36790466308594,60107600
2025-03-17,212.18883784213668,214.0888025037831,208.8663965620962,212.87521362304688,48073400
2025-03-18,213.03437263106773,214.01915944879542,210.37840804794794,211.5720977783203,42432400
2025-03-19,213.0940604852241,217.6101915579757,212.6265295918345,214.10870361328125,54385400
2025-03-20,212.86529372925065,216.34689805154306,211.1045924362575,212.97471618652344,48862900
2025-03-21,210.4480334492585,217.68976839110027,210.16950634984832,217.12277221679688,94127800
2025-03-24,219.838409330833,220.31588216896776,217.43113083289424,219.56982421875,44299500
2025-03-25,219.60962662242414,222.9221258053629,218.9232508666907,222.57395935058594,34493600
2025-03-26,222.33523531503357,223.83730853242594,219.3112201065871,220.3656463623047,34466100
2025-03-27,220.22636977863218,223.80745418869535,219.40073045135125,222.67344665527344,37094800
2025-03-28,220.504904155295,222.6336557419088,216.5358700680628,216.7547149658203,39818600
2025-03-31,215.86939419548492,224.43414081005062,215.09349507460487,220.96249389648438,65299300
2025-04-01,218.65466729819107,222.5043215641154,217.74944665223015,222.01690673828125,36412700
2025-04-02,220.15675729790527,224.00641185945875,219.8583310514353,222.71324157714844,35905900
2025-04-03,204.4596791341039,206.39944211542388,200.19223396809613,202.12203979492188,103419000
2025-04-04,192.87092693410324,198.82944937179326,186.35535024633944,187.389892578125,125910900
2025-04-07,176.26865177501736,193.12956126210946,173.70221017135344,180.5062713623047,160466300
2025-04-08,185.71870692843436,189.33957458197378,168.32064359895526,171.51376342773438,120859500
2025-04-09,171.0462451746259,199.55561475938035,170.98656295712524,197.80487060546875,184395900
2025-04-10,188.07624843340898,193.7562279640405,182.03814529024513,189.4191436767578,121880000
2025-04-11,185.12188160037283,198.49122944739574,185.0820833366806,197.10853576660156,87435900
2025-04-14,210.32868138530173,211.8207974391945,200.10271391024364,201.45556640625,101352900
2025-04-15,200.7990180691496,202.44033954558066,198.74984792281177,201.07754516601562,51343900
2025-04-16,197.31741584829123,199.64511311117855,191.35889396287376,193.24891662597656,59732400
2025-04-17,196.16350125239885,197.78493872612725,193.39811432307044,195.9446563720703,52164700
2025-04-21,192.25418258208256,192.78139570274652,188.8123615658979,192.14476013183594,46742500
2025-04-22,195.08918671811182,200.53043756485187,194.93998119085117,198.69017028808594,52976400
2025-04-23,204.9172632087338,206.9067512010516,201.7340854567431,203.52462768554688,52929200
2025-04-24,203.81309077731203,207.73238443559362,201.87334307751462,207.27479553222656,47311000
2025-04-25,205.2852994626612,208.64753879478604,205.11619481641537,208.1800079345703,38222300
2025-04-28,208.89624364686077,210.38835967290976,206.3696005213303,209.03550720214844,38743100
2025-04-29,207.59312493762445,211.12446912484504,207.27479957627347,210.09988403320312,36827600
2025-04-30,208.19992461631293,212.4574277707069,205.5837430092506,211.3831024169922,52286500
2025-05-01,207.98107159612528,213.43226431553572,207.8020097882055,212.19879150390625,57365700
2025-05-02,205.0067917796952,205.9020705063368,201.09745506032002,204.27069091796875,101010600
2025-05-05,202.03251395918386,203.02725796650907,197.1682163705072,197.84463500976562,69018500
2025-05-06,197.1682179665783,199.59538061408486,195.98447015970467,197.4666290283203,51216500
2025-05-07,198.12317194216024,198.3917570874617,192.23428894820486,195.21852111816406,68536700
2025-05-08,196.68079799363124,198.99855348942916,193.65676753221484,196.45201110839844,50478900
2025-05-09,197.95405738682032,199.48595647897335,196.50172445806652,197.4865264892578,36453900
2025-05-12,210.13634313336473,210.435160708662,205.93301745006437,209.95704650878906,63775800
2025-05-13,209.59847136477597,212.55673652410627,208.17412935394688,212.08859252929688,51909300
2025-05-14,211.5905625216416,213.09460539099953,209.7478820292828,211.490966796875,49325800
2025-05-15,210.11641669484823,212.11848379882832,208.71198473801002,210.61444091796875,45029500
2025-05-16,211.52086084946143,211.73003772257164,208.94109887256835,210.42520141601562,54737900
2025-05-19,207.0884445111699,208.65223273202483,203.45285841572866,207.9550018310547,46140500
2025-05-20,206.84938410987283,207.64622592622177,204.2198167548668,206.04258728027344,42496600
2025-05-21,204.359243170771,206.2218487675542,199.9168759316908,201.29141235351562,59211800
2025-05-22,199.91690559460176,201.94883789272,198.91088686006037,200.5643310546875,46742400
2025-05-23,192.9046989896,196.91877297523902,192.6955373289648,194.49838256835938,78432900
2025-05-27,197.51641281084125,199.94677348688452,196.64984031499387,199.4188690185547,56288500
2025-05-28,199.79734764673603,201.92889064401075,199.1100718095576,199.62802124023438,45339700
2025-05-29,202.77554227533128,203.0046291598645,197.72556941325453,199.15988159179688,51396800
2025-05-30,198.5821728136608,201.1619498266407,196.00241099917397,200.05633544921875,70819900
2025-06-02,199.488582384924,201.33127809714276,199.32921098525782,200.90296936035156,35423300
2025-06-03,200.55437033168948,202.96480586317466,200.16591202699755,202.46678161621094,46381600
2025-06-04,202.10819540070028,205.42503857555045,201.30139858491114,202.0185546875,43604000
2025-06-05,202.69585814733983,203.94091870107042,199.35908978394463,199.8372039794922,55126100
2025-06-06,202.19783403313102,204.8871617909174,201.2515910514923,203.11419677734375,46607700
2025-06-09,203.58234611432158,205.18598475848052,199.22961916524454,200.65396118164062,72862600
2025-06-10,199.8073282051838,203.54250994980842,199.77744796710627,201.869140625,54672600
2025-06-11,202.69585666840098,203.69190510411792,197.62597377823997,197.9945068359375,60989900
2025-06-12,198.29333609984755,198.890956077424,196.58013147350607,198.41285705566406,43904600
2025-06-13,198.94075911963023,199.57822954037988,194.92668495173118,195.67372131347656,51447300
2025-06-16,196.52035592822918,197.90486262143017,195.78327462738756,197.63592529296875,43020700
2025-06-17,196.42074594971083,197.60604600468164,194.43861931524052,194.86691284179688,38856200
2025-06-18,195.16573699325735,196.7893008408277,194.2991796996429,195.80320739746094,45394700
2025-06-20,197.45666110928434,200.90298042554332,196.08210930882012,200.20574951171875,96813500
2025-06-23,200.83325703321927,201.50060768152076,198.17380945321412,200.70376586914062,55814300
2025-06-24,201.78945874554142,202.63610603642124,199.4089034764897,199.50851440429688,54064000
2025-06-25,200.65396860223956,202.8651975026319,199.82724651799433,200.76353454589844,39525700
2025-06-26,200.63404307360597,201.8392684520338,198.67184150130464,200.20574951171875,50799100
2025-06-27,201.09221242791352,202.41695863400855,199.20968154525062,200.28541564941406,73188600
2025-06-30,201.211736268348,206.57048164253425,198.4726031076903,204.3592529296875,91912800
2025-07-01,205.85332972802502,209.35942450018746,205.3254252695324,206.99879455566406,78788900
2025-07-02,208.08449026524102,212.49697770796604,207.31752868499885,211.6005401611328,67941800
2025-07-03,211.31168447150716,213.80180573654258,210.97303162710094,212.70616149902344,34955800
2025-07-07,211.83958469799765,215.37555986284275,207.97492690746134,209.12037658691406,50229000
2025-07-08,209.26977065111936,210.59450162142676,207.6262817055446,209.18011474609375,42848900
2025-07-09,208.70202548866368,210.49491569520316,206.40115605631001,210.3056640625,48749400
2025-07-10,209.67816220166208,212.63642743345136,209.2000631819418,211.57066345214844,44443600
2025-07-11,209.73792710960444,211.29176024279,209.03072603053,210.32559204101562,39765800
2025-07-14,209.10042946873696,210.07656782568804,206.719874444485,207.7956085205078,38840100
2025-07-15,208.39325734338402,211.05270487364396,208.09443976951917,208.28369140625,42296300
2025-07-16,209.4689902412225,211.5606828488181,207.8155461810567,209.3295440673828,47490500
2025-07-17,209.7379389650813,210.9630743588066,208.7618004967043,209.1901092529297,48068100
2025-07-18,210.0367321724359,210.95309492429405,208.87135730762196,210.3455047607422,48974600
2025-07-21,211.26189276464606,214.92734394651046,210.79374875413163,211.640380859375,51377400
2025-07-22,212.29776458434165,214.1006098348481,211.39135685335447,213.5527801513672,46404100
2025-07-23,214.15043456376964,214.29983576430007,211.5706725113145,213.3037872314453,46989300
2025-07-24,213.05474462863134,214.8376797586153,212.68621158769832,212.91529846191406,46022600
2025-07-25,213.85160291428238,214.38947759784276,212.5567368669443,213.03485107421875,40268800
2025-07-28,213.18426788884761,214.00103498726418,212.21809958876685,213.20419311523438,37858000
2025-07-29,213.33363944545516,213.96115480223384,209.9869314052821,210.43515014648438,51411700
2025-07-30,211.06265157316113,211.55072076453234,206.89917652304968,208.2239227294922,45512500
2025-07-31,207.66614913739534,209.01080544085684,206.3414028602417,206.74978637695312,80698400
2025-08-01,210.03674932642843,212.7360475386617,200.7037794341265,201.58030700683594,104434500
2025-08-04,203.70186769022786,207.0585613783641,200.88304868853191,202.5464630126953,75109300
2025-08-05,202.59626309701343,204.5285996595603,201.36117265797924,202.1181640625,44155100
2025-08-06,204.81746371165528,214.5289368613384,204.77761325937152,212.4073486328125,108483100
2025-08-07,218.01508808955717,219.97730473834642,215.7241736307253,219.16053771972656,90224800
2025-08-08,219.95738825778145,230.08719950298993,218.38362983130105,228.4437255859375,113854000
2025-08-11,227.27701087414155,228.91238364576833,224.12592192869855,226.53909301757812,61806100
2025-08-12,227.36676338645532,230.14890113463383,226.42942796921326,229.00213623046875,55626200
2025-08-13,230.4181341091737,234.33703985510917,229.77992501054072,232.6717529296875,69878500
2025-08-14,233.39969406647393,234.4567012802976,230.19875827485632,232.12330627441406,51916300
2025-08-15,233.3398655982593,233.61907447658757,228.69300821277216,230.93666076660156,56038700
2025-08-18,231.04634466466607,232.46233685580373,229.46083388892833,230.23863220214844,37476200
2025-08-19,230.62753117126795,232.2130419457167,228.70298322789472,229.90956115722656,39402600
2025-08-20,229.33119207499826,229.81981519856654,225.13307755654054,225.3723907470703,42263900
2025-08-21,225.63166356522294,225.88095827873425,223.14868274098328,224.26551818847656,30621200
2025-08-22,225.53195134940427,228.44371192910324,224.77410085849388,227.11746215820312,42477800
2025-08-25,225.84107546750252,228.65312729963858,225.59178073979155,226.5191650390625,30983100
2025-08-26,226.22996704217394,228.84258604761433,224.05612439304167,228.6630859375,54575100
2025-08-27,227.96508141122786,230.24861452224957,227.61606269083353,229.83978271484375,31259500
2025-08-28,230.16883391080088,232.7515235304584,228.692998228932,231.90391540527344,38074700
2025-08-29,231.85405874294378,232.7216147258446,230.71727541448905,231.485107421875,39418400
2025-09-02,228.60325464814514,230.19874691737337,226.3296880547272,229.07192993164062,44075600
2025-09-03,236.5408165177042,238.17618932549604,233.69885053091846,237.79725646972656,66427800
2025-09-04,237.7772812570227,239.22318747047024,236.07211403385233,239.10353088378906,47549400
2025-09-05,239.3229322237051,240.63921565449175,237.8171975861315,239.01380920410156,54870400
2025-09-08,238.62491556233425,239.47250850410185,235.6732593017711,237.20892333984375,48999500
2025-09-09,236.33140663047269,238.10638391026913,232.70167593051625,233.6888885498047,66313900
2025-09-10,231.53496736029473,231.76431424305812,225.31256565050364,226.1501922607422,83440800
2025-09-11,226.23996538709508,229.7998863317909,226.01060327291316,229.38107299804688,50208600
2025-09-12,228.57335925244223,233.84842918261825,228.373926506362,233.40968322753906,55824200
2025-09-15,236.33139853346725,237.5180438551372,234.36695488957946,236.03224182128906,42699500
2025-09-16,236.51088466190768,240.53949594661788,235.65332541334,237.4781494140625,63421100
2025-09-17,238.2958480596019,239.42266510979977,237.05934071942244,238.3157958984375,46508000
2025-09-18,239.29302360434258,240.51954939992544,235.98238232851827,237.20892333984375,44249600
2025-09-19,240.5494606794321,245.60516498271895,239.53234916144805,244.8074188232422,163741300
2025-09-22,247.5995237986898,255.9160073848096,247.42002368458668,255.35755920410156,105517400
2025-09-23,255.15815615601056,256.6140289111009,252.86464151383097,253.7122344970703,60275200
2025-09-24,254.49999981420794,255.01853710208397,250.33178410429736,251.59820556640625,42303700
2025-09-25,252.49566170312627,256.4444966190252,250.99989343760635,256.14532470703125,55202100
2025-09-26,253.38317016390945,256.8732963908738,253.06406560531616,254.7393341064453,46076300
2025-09-29,253.8418726304012,254.28063380560434,252.29624220529692,253.7122344970703,40127700
2025-09-30,254.1410137555297,255.1980209495745,252.39595068950493,253.9116668701172,37704300
2025-10-01,254.32049261064776,258.0599285933123,254.21080232618834,254.72933959960938,48713900
2025-10-02,255.85613542550084,257.45162766856953,253.43299812845933,256.40460205078125,42630200
2025-10-03,253.9515436206674,258.5086431914624,253.23357360959045,257.2920837402344,49155600
2025-10-06,257.262186546101,258.339156849437,254.33049322602108,255.9658660888672,44664100
2025-10-07,256.0855101139428,256.6738420114173,254.70939836699205,255.75645446777344,31955800
2025-10-08,255.7963062732735,257.7906639625656,255.3874592951906,257.33197021484375,36496900
2025-10-09,257.08267167133846,257.27213808351553,252.42584836214985,253.32330322265625,38322000
2025-10-10,254.2207817432353,255.6567217403356,243.3116425485481,244.57806396484375,61999100
2025-10-13,248.67648318296307,248.98560621270488,244.86725241658198,246.96133422851562,38142900
2025-10-14,245.90431694508948,248.14796941642882,244.00966795095763,247.07101440429688,35478000
2025-10-15,248.78616738422895,251.10959602979932,246.77186176083558,248.63658142089844,33893600
2025-10-16,247.54965348458146,248.33741809379524,244.43846029169785,246.7519073486328,39777000
2025-10-17,247.3203043073955,252.66518358811555,246.57242016484557,251.5782470703125,49147000
2025-10-20,255.168106265739,263.63416054313814,254.90884523128253,261.50018310546875,90483000
2025-10-21,261.141213133835,264.5415968076956,261.0913359303388,262.0286865234375,46695900
2025-10-22,261.9090501595624,262.1084981259862,254.70941678507808,257.7209167480469,45015300
2025-10-23,259.206686997747,259.8847613495841,257.28213901467177,258.8476867675781,32754900
2025-10-24,260.4531458541269,263.3848541030092,258.44880663072195,262.07855224609375,38253700
2025-10-27,264.13273028939324,268.3607587413759,263.9033682058253,268.0516357421875,44888200
2025-10-28,268.23110734142335,269.12859257872884,267.39348082722177,268.2410888671875,41534800
2025-10-29,268.5203194424725,270.6443152614699,266.35642794866993,268.93914794921875,51086700
2025-10-30,271.2226702585742,273.36662916750566,267.72259312931254,270.63433837890625,69886500
2025-10-31,276.2085578376442,276.53764389728985,268.4006608909581,269.60723876953125,86167100
2025-11-03,269.6571458353552,270.08592548154905,265.4988962118729,268.2909851074219,50194600
2025-11-04,267.5730004152706,270.72408938596277,266.86501191822913,269.2781982421875,49274800
2025-11-05,267.8521863717013,270.93349568379296,266.17693326929896,269.3778991699219,43683100
2025-11-06,267.1342708755924,272.6287059365568,267.1342708755924,269.0089416503906,51204000
2025-11-07,269.03885049148494,271.5218466038475,266.0173996929098,267.7126159667969,48227400
2025-11-10,268.46119877683986,273.2223721938244,266.9639805623884,268.9303283691406,41312400
2025-11-11,269.3096487524697,275.3983427074405,269.2996575494418,274.73956298828125,46208300
2025-11-12,274.49005224267427,275.2187095291286,271.19618380015726,272.962890625,48398000
2025-11-13,273.6016390736082,276.1868626363035,271.58539619817094,272.4438171386719,49602800
2025-11-14,270.5473523374902,275.4482508823214,269.10005949599775,271.90484619140625,47431300
2025-11-17,268.3214829895084,269.98836893107386,265.237217022597,266.9639892578125,45018300
2025-11-18,269.48928956232544,270.20795552947055,264.8279672087311,266.94403076171875,45677300
2025-11-19,265.0376012369211,271.70520656667077,265.0076580872151,268.0619812011719,40424500
2025-11-20,270.327749378444,274.91922505965954,265.42688147061517,265.7562561035156,45823600
2025-11-21,265.4568071090486,272.8230952896135,265.17732758833057,270.98651123046875,59030800
2025-11-24,270.397645153795,276.48633959077114,270.397645153795,275.4083557128906,65585800
2025-11-25,274.75950033189645,279.8600396675645,274.7395483878858,276.45635986328125,46914200
2025-11-26,276.4464065684995,279.0116481613461,276.11703191175064,277.0353088378906,33431400
2025-11-28,276.7458380127342,278.4826014787427,275.4781737009374,278.3328857421875,20135600
2025-12-01,277.4944549964911,282.89442609469603,275.62792768573877,282.57501220703125,46587700
2025-12-02,282.47518456741903,286.86701880065203,282.10587559562896,285.6592712402344,53669500
2025-12-03,285.6692634925469,288.0847586222564,282.77461708045536,283.623046875,43538700
2025-12-04,283.5731318378766,284.20196835267484,278.07334059490756,280.179443359375,43989100
2025-12-05,280.01974631085085,280.6186397013617,277.53434330937836,278.26300048828125,47265800
2025-12-08,277.6142094762677,279.15136205700173,275.6378704438954,277.3746643066406,38211800
2025-12-09,277.6441787437343,279.5107061083118,276.4064879695729,276.6659851074219,32193300
2025-12-10,277.23491184461454,279.2312028389952,275.92734368017386,278.26300048828125,33038300
2025-12-11,278.5824273392719,279.07150890817053,273.3022288840155,277.514404296875,33248000
2025-12-12,277.38461586894516,278.70217518025987,276.30663218031253,277.763916015625,39532900
2025-12-15,279.63046152672615,279.63046152672615,272.33402020742307,273.6016540527344,50409100
2025-12-16,272.3140798989353,274.9891026980292,271.2859911871425,274.1007385253906,37648600
2025-12-17,274.50001118897205,275.6478724530811,271.13626563598973,271.33587646484375,50138700
2025-12-18,273.1025913325419,273.12257373871984,266.4549687260805,271.68524169921875,51630700
2025-12-19,271.6453053723066,274.09077415448866,269.399477884542,273.1625061035156,144632000
2025-12-22,272.3539780142796,273.37210596231955,270.00836035897595,270.4674987792969,36571800
2025-12-23,270.3377490962612,271.99467443806464,269.06012395403746,271.85491943359375,29642000
2025-12-24,271.8349404799371,274.9192064044749,271.69521595033444,273.3022155761719,17910600
2025-12-26,273.65160578690546,274.8593534534055,272.35399820928086,272.89300537109375,21521800
2025-12-29,272.1843267483383,273.8512128461511,271.8449608988494,273.2523498535156,23715200
2025-12-30,272.30405905646904,273.57169281796894,271.77504318392386,272.57354736328125,22139600
2025-12-31,272.553621806917,273.17246717497864,271.24605357156486,271.3558349609375,27293600
2026-01-02,271.7551282774649,277.32476727085935,268.5011639041959,270.5074462890625,37838100
2026-01-05,270.1381413175191,271.00652312062255,265.64648609237463,266.764404296875,45647200
2026-01-06,266.5048844877732,267.05385240251036,261.63392891626114,261.87347412109375,52352100
2026-01-07,262.7119324450406,263.1910228349833,259.3282042611396,259.84722900390625,48309800
2026-01-08,256.5433578451618,258.80916773471864,255.22581364132833,258.55963134765625,50419300
2026-01-09,258.5995368285105,259.7274461787287,255.74485516422806,258.8890075683594,39997000
2026-01-12,258.679389570116,260.81540508500296,256.32375036738995,259.7673645019531,45263800
2026-01-13,258.24022168851656,261.3244878277737,257.9108470550362,260.5658874511719,45730800
2026-01-14,259.0087756526009,261.33447181199796,256.23393227813756,259.4779052734375,40019400
2026-01-15,260.16664839115424,260.55593980217856,256.57331808587395,257.7311706542969,39388600
2026-01-16,257.4217218192236,258.41986733264514,254.4572284259222,255.05612182617188,72142800
2026-01-20,252.26132447540706,254.31750190322293,242.9685916985444,246.2425079345703,80267500
2026-01-21,248.23880604127606,251.09350304772093,244.72532928784554,247.1907501220703,54641700
2026-01-22,248.737864640942,250.53452965267718,247.68980878155546,247.8894500732422,39708300
2026-01-23,246.86136630134166,248.94748685874615,244.22624741136653,247.58001708984375,41689000
2026-01-26,251.01365072947274,256.08423219515316,249.33677343540953,254.93637084960938,55969200
2026-01-27,258.6894015269614,261.4642450011371,257.73115984508394,257.7910461425781,49648300
2026-01-28,257.1721946066941,258.3799421919039,254.03801819206552,255.96444702148438,41288000
2026-01-29,257.52154586161765,259.16847988830324,253.93820707645818,257.801025390625,67253000
2026-01-30,254.6968198516284,261.4143357105436,251.71235892004358,258.99884033203125,92443400
2026-02-02,259.5477742456141,269.98836769074944,258.72928762151224,269.50927734375,73913400
2026-02-03,268.70080609664296,271.3758289780004,267.11372779647115,268.98028564453125,64394700
2026-02-04,271.7850411492978,278.432693698261,271.7850411492978,275.97723388671875,90545700
2026-02-05,277.6142303156022,278.98168486317746,272.72332314901723,275.3983459472656,52977400
2026-02-06,276.6060720438839,280.3890519626743,276.4164219647768,277.6042175292969,50453400
2026-02-09,277.6541982366954,277.9439398399519,271.4499228389202,274.3672180175781,44623400
2026-02-10,274.6369782150198,275.11651686144285,272.68876099546605,273.4280700683594,34376900
2026-02-11,274.44714753122867,279.92208361183503,274.1973776592452,275.24639892578125,51931300
2026-02-12,275.3363333447182,275.46621856633783,259.94051360693726,261.4891052246094,81077200
2026-02-13,261.7688319830923,261.9886306947134,255.21485759663088,255.5445556640625,56290700
2026-02-17,257.8124646511843,266.0449008431299,255.30478047881587,263.6371154785156,58469100
2026-02-18,263.35737977838915,266.57441720150126,262.20844437502524,264.106689453125,34203300
2026-02-19,262.35827847824623,264.2365527856389,259.81060750150084,260.3401184082031,30845300
2026-02-20,258.73163460792017,264.5063132392292,257.9223826043077,264.3364562988281,42070500
2026-02-23,263.24744081710827,269.1819753311392,263.13755670993424,265.9349670410156,37308200
2026-02-24,267.61343657617186,274.6369951599546,267.46358073991865,271.8895263671875,47014600
2026-02-25,271.5298429675081,274.6869380517792,270.8005039088116,273.97760009765625,33714300
2026-02-26,274.6969199809464,275.8558253670768,270.55071567552415,272.6987609863281,32345100
2026-02-27,272.5588900215503,272.5588900215503,262.6480379442022,263.93682861328125,72366500
2026-03-02,262.16844722421786,266.2846497598317,259.960490133898,264.476318359375,41827900
2026-03-03,263.23749216234586,265.31556422164516,259.8905695547566,263.5072326660156,38568900
2026-03-04,264.4063951364299,265.9050144519466,261.179387723623,262.2783508300781,39803100
2026-03-05,260.54995479568396,261.3192350446657,257.01320478174756,260.0504150390625,49658600
2026-03-06,258.39192833924307,258.53178361058343,254.13584003818684,257.2229919433594,41120000
2026-03-09,255.45463216869055,260.9095975388004,253.44647267699952,259.6407775878906,38218500
2026-03-10,257.4128391437035,262.2384104290217,256.71350175461305,260.58990478515625,30590800
2026-03-11,260.8496568052655,261.888707997661,259.3110658747261,260.5699157714844,26218900
2026-03-12,258.4219063383753,258.71164792954545,253.94601921584928,255.52456665039062,40794000
2026-03-13,255.24483747003174,256.0940459350445,249.29033192864068,249.8897705078125,36930000
2026-03-16,251.87794235419486,253.6563027081548,249.6499992581203,252.58729553222656,32074200
2026-03-17,252.72716690012706,254.89516767044782,251.94787083452104,253.99598693847656,32361600
2026-03-18,252.3974721128864,254.70534343896443,248.7708084606242,249.70994567871094,35757900
2026-03-19,249.17043241392184,251.5982036354298,247.0723745163624,248.73085021972656,34864100
2026-03-20,247.7517334570195,248.97061168291066,245.77356028907465,247.76173400878906,88331100
2026-03-23,253.73622734962268,254.3656523266213,250.0496214753341,251.25851440429688,40546100
2026-03-24,250.1195650925759,254.5954370944537,249.32029842391177,251.4083709716797,45152300
2026-03-25,253.86611511385965,254.76528059453105,251.3684162845015,252.38746643066406,28476700
2026-03-26,251.88793104116345,256.76344411909713,250.53918279672283,252.6572265625,41796700
2026-03-27,253.666280215245,255.2548282141602,247.8416601166152,248.57098388671875,47900000
2026-03-30,249.83982057534305,250.63907198816298,245.28400520065438,246.40298461914062,39446200
2026-03-31,247.6818040942864,255.24482803058763,246.87255213324852,253.55638122558594,49598100
2026-04-01,253.8461228128272,255.94418062939917,253.096813183035,255.3946990966797,40059400
2026-04-02,253.96601496217014,255.89424639361263,250.4192795609811,255.68443298339844,31289400
2026-04-06,256.27389167390277,261.9186847371787,256.2239194053331,258.6217041015625,29329900
2026-04-07,255.92421782448065,255.96418954301222,245.47383916108728,253.26666259765625,62148000
2026-04-08,258.2121146377317,259.51090582044134,256.29386854025813,258.66168212890625,41032800
2026-04-09,258.7615948993736,260.879638597066,255.8342992320816,260.2502136230469,28121600
2026-04-10,259.7406946341393,261.94865175168746,258.78155637925676,260.240234375,31291500
2026-04-13,259.49093671136296,259.9405042051452,256.4237552437805,258.96142578125,36234700
2026-04-14,259.01136264890187,261.68888841493145,256.9532612999924,258.59173583984375,48370700
2026-04-15,257.92237663273806,266.3146386359468,257.57269269729437,266.18475341796875,49913500
2026-04-16,266.55439590858066,266.91408037974617,261.0294875448873,263.15753173828125,43323100
2026-04-17,266.7142527536172,272.0493335842862,266.47448343207725,269.98126220703125,61436200
2026-04-20,270.08114756253855,274.0275237795767,270.04120633500696,272.79864501953125,36590200
2026-04-21,271.250098918132,272.5488901425708,265.1557075406741,265.9250183105469,50209800
2026-04-22,267.5734973129919,273.48803128351057,266.62435952726383,272.9185791015625,43249200
2026-04-23,274.79681820267325,275.5161566987003,271.39995382845746,273.1783142089844,33399600
2026-04-24,272.50893317942314,272.80864483253174,269.4017800912603,270.81048583984375,38157100
2026-04-27,265.84505761361925,268.1129570778125,264.8260075108844,267.3636474609375,41466800
2026-04-28,272.0893199684016,272.97851539952296,268.4127145556596,270.4608154296875,40018900
2026-04-29,267.3037117460274,270.7905199823619,266.7942019267937,269.92132568359375,30047900
2026-04-30,270.25102650288807,275.7459641951834,267.893213328058,271.1002502441406,91848200
2026-05-01,278.6032901046287,286.95561044034525,278.1137509144006,279.88214111328125,79915400
2026-05-04,279.4025768563376,280.3716851917065,274.60697695873915,276.5751647949219,46668400
2026-05-05,276.6750995896243,284.30808218316156,276.2455026895375,283.9184265136719,49311700
2026-05-06,281.66051049385584,287.76487170009636,280.8112868075762,287.245361328125,58336100
2026-05-07,289.00371711581823,291.8611003514943,285.5169394038565,287.1754150390625,45224300
2026-05-08,289.7430674686918,294.4886952888782,289.7330669166447,293.0500183105469,52692800
2026-05-11,291.9800109863281,293.8800048828125,290.2300109863281,292.67999267578125,42247300
2026-05-12,292.55999755859375,295.2699890136719,292.55999755859375,294.79998779296875,45748100
2026-05-13,293.5,300.9200134277344,293.5,298.8699951171875,52684300
2026-05-14,299.82000732421875,300.45001220703125,295.3800048828125,298.2099914550781,35324900
2026-05-15,297.8999938964844,303.20001220703125,296.5199890136719,300.2300109863281,54862800
2026-05-18,300.239990234375,300.6600036621094,294.9100036621094,297.8399963378906,34483000
2026-05-19,296.9700012207031,300.510009765625,296.3500061035156,298.9700012207031,42243600
2026-05-20,298.17999267578125,302.79998779296875,298.0799865722656,302.25,38229800
2026-05-21,301.05999755859375,305.5400085449219,300.3999938964844,304.989990234375,42965100
2026-05-22,306.1199951171875,311.3999938964844,305.8399963378906,308.82000732421875,43670200
2026-05-26,309.55999755859375,311.82000732421875,307.6700134277344,308.3299865722656,48000500
2026-05-27,308.3299865722656,313.260009765625,308.29998779296875,310.8500061035156,50430900
2026-05-28,310.67999267578125,312.79998779296875,309.57000732421875,312.510009765625,48220400
2026-05-29,311.7799987792969,315.0,309.5299987792969,312.05999755859375,70026800
2026-06-01,309.6300048828125,310.94000244140625,305.0199890136719,306.30999755859375,48849900
2026-06-02,307.4599914550781,315.45001220703125,306.69000244140625,315.20001220703125,44534700
2026-06-03,314.17999267578125,316.94000244140625,308.8500061035156,310.260009765625,50836700
2026-06-04,313.2300109863281,313.5400085449219,309.6499938964844,311.2300109863281,44869100
2026-06-05,312.8599853515625,315.1700134277344,307.1499938964844,307.3399963378906,65310500
2026-06-08,308.739990234375,317.3999938964844,301.1700134277344,301.5400085449219,77949100
2026-06-09,300.2799987792969,300.75,287.7799987792969,290.54998779296875,70108800
2026-06-10,290.739990234375,294.75,287.3800048828125,291.5799865722656,52793300
2026-06-11,293.7200012207031,297.0,289.5899963378906,295.6300048828125,42572500
2026-06-12,296.0299987792969,297.1400146484375,289.6199951171875,291.1300048828125,38742100
2026-06-15,294.1199951171875,297.7799987792969,291.70001220703125,296.4200134277344,45732600
2026-06-16,295.25,300.4800109863281,293.9700012207031,299.239990234375,39874400
2026-06-17,300.8500061035156,302.07000732421875,294.3599853515625,295.95001220703125,42745100
2026-06-18,298.1099853515625,300.57000732421875,295.6199951171875,298.010009765625,85962200
2026-06-22,297.30999755859375,302.4200134277344,296.760009765625,297.010009765625,44879900
2026-06-23,297.5400085449219,301.6400146484375,294.17999267578125,294.29998779296875,52010900
2026-06-24,295.3599853515625,299.70001220703125,292.94000244140625,293.0799865722656,53081900
2026-06-25,287.3999938964844,288.79998779296875,273.75,275.1499938964844,107013700
2026-06-26,275.0,285.95001220703125,274.2099914550781,283.7799987792969,261775500
2026-06-29,286.7300109863281,288.3699951171875,279.8500061035156,281.739990234375,66427000
2026-06-30,281.1700134277344,289.94000244140625,280.70001220703125,289.3599853515625,65100200
2026-07-01,293.44000244140625,296.5899963378906,289.20001220703125,294.3800048828125,50164200
2026-07-02,294.1199951171875,309.4200134277344,293.67999267578125,308.6300048828125,75352800
2026-07-06,307.3599853515625,314.20001220703125,307.0,312.6600036621094,53590000
2026-07-07,315.2900085449219,315.4800109863281,310.1499938964844,310.6600036621094,42490000
2026-07-08,311.9100036621094,314.82000732421875,307.04998779296875,313.3900146484375,41323500
2026-07-09,310.510009765625,316.5299987792969,308.1600036621094,316.2200012207031,48124500
2026-07-10,314.7200012207031,316.9100036621094,312.1700134277344,315.32000732421875,34132300
2026-07-13,317.0199890136719,323.45001220703125,315.7799987792969,317.30999755859375,43257800
2026-07-14,313.760009765625,316.19000244140625,311.9100036621094,314.8599853515625,36336800
2026-07-15,317.6199951171875,328.7300109863281,317.32000732421875,327.5,60957600
2026-07-16,328.010009765625,334.67999267578125,326.7900085449219,333.260009765625,62970600
2026-07-17,331.9800109863281,334.989990234375,329.0,333.739990234375,63407100
2026-07-20,333.510009765625,333.7099914550781,323.67999267578125,326.5899963378906,53468000
2026-07-21,323.1300048828125,329.6000061035156,322.2200012207031,327.739990234375,41338900
2026-07-22,327.8699951171875,329.0,323.3399963378906,325.8900146484375,38755900
2026-07-23,321.7300109863281,323.29998779296875,319.3500061035156,321.6600036621094,40840800
2026-07-24,321.7900085449219,334.3699951171875,321.6199951171875,333.0199890136719,47489400
2026-07-27,334.5400085449219,339.57000732421875,334.0199890136719,336.9100036621094,49604300
2026-07-28,340.0299987792969,342.8900146484375,335.6000061035156,340.0799865722656,51698400
